dataset,model_name,budget,K,seed,method,acc,source_file
CIFAR-100,resnet50,0.1,5000,0,Disc-Hard,16.95,cifar100_resnet50_budget0.10_K5000_seed0_Disc-Hard.json
CIFAR-100,resnet50,0.1,5000,1,Disc-Hard,17.7,cifar100_resnet50_budget0.10_K5000_seed1_Disc-Hard.json
CIFAR-100,resnet50,0.1,5000,2,Disc-Hard,17.37,cifar100_resnet50_budget0.10_K5000_seed2_Disc-Hard.json
CIFAR-100,resnet50,0.1,5000,3,Disc-Hard,17.68,cifar100_resnet50_budget0.10_K5000_seed3_Disc-Hard.json
CIFAR-100,resnet50,0.1,5000,4,Disc-Hard,17.39,cifar100_resnet50_budget0.10_K5000_seed4_Disc-Hard.json
CIFAR-100,resnet50,0.1,5000,0,Gen-Hard,24.97,cifar100_resnet50_budget0.10_K5000_seed0_Gen-Hard.json
CIFAR-100,resnet50,0.1,5000,1,Gen-Hard,27.73,cifar100_resnet50_budget0.10_K5000_seed1_Gen-Hard.json
CIFAR-100,resnet50,0.1,5000,2,Gen-Hard,26.58,cifar100_resnet50_budget0.10_K5000_seed2_Gen-Hard.json
CIFAR-100,resnet50,0.1,5000,3,Gen-Hard,25.9,cifar100_resnet50_budget0.10_K5000_seed3_Gen-Hard.json
CIFAR-100,resnet50,0.1,5000,4,Gen-Hard,25.3,cifar100_resnet50_budget0.10_K5000_seed4_Gen-Hard.json
CIFAR-100,resnet50,0.1,5000,0,OHS-XOR(p75),26.45,cifar100_resnet50_budget0.10_K5000_seed0_OHS-XORp75.json
CIFAR-100,resnet50,0.1,5000,1,OHS-XOR(p75),25.81,cifar100_resnet50_budget0.10_K5000_seed1_OHS-XORp75.json
CIFAR-100,resnet50,0.1,5000,2,OHS-XOR(p75),24.56,cifar100_resnet50_budget0.10_K5000_seed2_OHS-XORp75.json
CIFAR-100,resnet50,0.1,5000,3,OHS-XOR(p75),25.21,cifar100_resnet50_budget0.10_K5000_seed3_OHS-XORp75.json
CIFAR-100,resnet50,0.1,5000,4,OHS-XOR(p75),25.01,cifar100_resnet50_budget0.10_K5000_seed4_OHS-XORp75.json
CIFAR-100,resnet50,0.1,5000,0,Random,25.39,cifar100_resnet50_budget0.10_K5000_seed0_Random.json
CIFAR-100,resnet50,0.1,5000,1,Random,24.29,cifar100_resnet50_budget0.10_K5000_seed1_Random.json
CIFAR-100,resnet50,0.1,5000,2,Random,25.63,cifar100_resnet50_budget0.10_K5000_seed2_Random.json
CIFAR-100,resnet50,0.1,5000,3,Random,25.82,cifar100_resnet50_budget0.10_K5000_seed3_Random.json
CIFAR-100,resnet50,0.1,5000,4,Random,25.13,cifar100_resnet50_budget0.10_K5000_seed4_Random.json
CIFAR-100,resnet50,0.5,25000,0,Disc-Hard,46.82,cifar100_resnet50_budget0.50_K25000_seed0_Disc-Hard.json
CIFAR-100,resnet50,0.5,25000,1,Disc-Hard,46.5,cifar100_resnet50_budget0.50_K25000_seed1_Disc-Hard.json
CIFAR-100,resnet50,0.5,25000,2,Disc-Hard,46.62,cifar100_resnet50_budget0.50_K25000_seed2_Disc-Hard.json
CIFAR-100,resnet50,0.5,25000,3,Disc-Hard,47.54,cifar100_resnet50_budget0.50_K25000_seed3_Disc-Hard.json
CIFAR-100,resnet50,0.5,25000,4,Disc-Hard,47.08,cifar100_resnet50_budget0.50_K25000_seed4_Disc-Hard.json
CIFAR-100,resnet50,0.5,25000,0,Gen-Hard,52.89,cifar100_resnet50_budget0.50_K25000_seed0_Gen-Hard.json
CIFAR-100,resnet50,0.5,25000,1,Gen-Hard,53.08,cifar100_resnet50_budget0.50_K25000_seed1_Gen-Hard.json
CIFAR-100,resnet50,0.5,25000,2,Gen-Hard,53.25,cifar100_resnet50_budget0.50_K25000_seed2_Gen-Hard.json
CIFAR-100,resnet50,0.5,25000,3,Gen-Hard,52.65,cifar100_resnet50_budget0.50_K25000_seed3_Gen-Hard.json
CIFAR-100,resnet50,0.5,25000,4,Gen-Hard,53.41,cifar100_resnet50_budget0.50_K25000_seed4_Gen-Hard.json
CIFAR-100,resnet50,0.5,25000,0,OHS-XOR(p75),51.81,cifar100_resnet50_budget0.50_K25000_seed0_OHS-XORp75.json
CIFAR-100,resnet50,0.5,25000,1,OHS-XOR(p75),52.21,cifar100_resnet50_budget0.50_K25000_seed1_OHS-XORp75.json
CIFAR-100,resnet50,0.5,25000,2,OHS-XOR(p75),51.29,cifar100_resnet50_budget0.50_K25000_seed2_OHS-XORp75.json
CIFAR-100,resnet50,0.5,25000,3,OHS-XOR(p75),52.21,cifar100_resnet50_budget0.50_K25000_seed3_OHS-XORp75.json
CIFAR-100,resnet50,0.5,25000,4,OHS-XOR(p75),52.63,cifar100_resnet50_budget0.50_K25000_seed4_OHS-XORp75.json
CIFAR-100,resnet50,0.5,25000,0,Random,52.84,cifar100_resnet50_budget0.50_K25000_seed0_Random.json
CIFAR-100,resnet50,0.5,25000,1,Random,53.26,cifar100_resnet50_budget0.50_K25000_seed1_Random.json
CIFAR-100,resnet50,0.5,25000,2,Random,52.97,cifar100_resnet50_budget0.50_K25000_seed2_Random.json
CIFAR-100,resnet50,0.5,25000,3,Random,52.66,cifar100_resnet50_budget0.50_K25000_seed3_Random.json
CIFAR-100,resnet50,0.5,25000,4,Random,52.88,cifar100_resnet50_budget0.50_K25000_seed4_Random.json
CIFAR-100,resnet50,0.7,35000,0,Disc-Hard,56.23,cifar100_resnet50_budget0.70_K35000_seed0_Disc-Hard.json
CIFAR-100,resnet50,0.7,35000,1,Disc-Hard,56.1,cifar100_resnet50_budget0.70_K35000_seed1_Disc-Hard.json
CIFAR-100,resnet50,0.7,35000,2,Disc-Hard,56.07,cifar100_resnet50_budget0.70_K35000_seed2_Disc-Hard.json
CIFAR-100,resnet50,0.7,35000,3,Disc-Hard,55.45,cifar100_resnet50_budget0.70_K35000_seed3_Disc-Hard.json
CIFAR-100,resnet50,0.7,35000,4,Disc-Hard,56.33,cifar100_resnet50_budget0.70_K35000_seed4_Disc-Hard.json
CIFAR-100,resnet50,0.7,35000,0,Gen-Hard,59.56,cifar100_resnet50_budget0.70_K35000_seed0_Gen-Hard.json
CIFAR-100,resnet50,0.7,35000,1,Gen-Hard,59.09,cifar100_resnet50_budget0.70_K35000_seed1_Gen-Hard.json
CIFAR-100,resnet50,0.7,35000,2,Gen-Hard,59.48,cifar100_resnet50_budget0.70_K35000_seed2_Gen-Hard.json
CIFAR-100,resnet50,0.7,35000,3,Gen-Hard,59.39,cifar100_resnet50_budget0.70_K35000_seed3_Gen-Hard.json
CIFAR-100,resnet50,0.7,35000,4,Gen-Hard,59.26,cifar100_resnet50_budget0.70_K35000_seed4_Gen-Hard.json
CIFAR-100,resnet50,0.7,35000,0,OHS-XOR(p75),58.79,cifar100_resnet50_budget0.70_K35000_seed0_OHS-XORp75.json
CIFAR-100,resnet50,0.7,35000,1,OHS-XOR(p75),59.47,cifar100_resnet50_budget0.70_K35000_seed1_OHS-XORp75.json
CIFAR-100,resnet50,0.7,35000,2,OHS-XOR(p75),59.03,cifar100_resnet50_budget0.70_K35000_seed2_OHS-XORp75.json
CIFAR-100,resnet50,0.7,35000,3,OHS-XOR(p75),59.1,cifar100_resnet50_budget0.70_K35000_seed3_OHS-XORp75.json
CIFAR-100,resnet50,0.7,35000,4,OHS-XOR(p75),59.2,cifar100_resnet50_budget0.70_K35000_seed4_OHS-XORp75.json
CIFAR-100,resnet50,0.7,35000,0,Random,59.37,cifar100_resnet50_budget0.70_K35000_seed0_Random.json
CIFAR-100,resnet50,0.7,35000,1,Random,59.34,cifar100_resnet50_budget0.70_K35000_seed1_Random.json
CIFAR-100,resnet50,0.7,35000,2,Random,59.44,cifar100_resnet50_budget0.70_K35000_seed2_Random.json
CIFAR-100,resnet50,0.7,35000,3,Random,59.49,cifar100_resnet50_budget0.70_K35000_seed3_Random.json
CIFAR-100,resnet50,0.7,35000,4,Random,59.06,cifar100_resnet50_budget0.70_K35000_seed4_Random.json
