budget,seed,strategy,method,accuracy,source,classes_present,class_entropy_norm,avg_disc_ce,frac_top10_disc,frac_double_hard_q75,max_class_share,l1_to_uniform
0.1,0,Disc-Hard,Balanced Disc-Hard,22.82,old,100.0,0.9999999999999998,5.645967098712921,0.5332,0.2092,0.01,0.0
0.1,0,Gen-Hard,Balanced Gen-Hard,27.2,old,100.0,0.9999999999999998,4.795598316335678,0.1002,0.2508,0.01,0.0
0.1,0,Random,Balanced Random,26.39,old,100.0,0.9999999999999998,4.789880334091187,0.1002,0.0592,0.01,0.0
0.1,1,Disc-Hard,Balanced Disc-Hard,23.73,old,100.0,0.9999999999999998,5.645967098712921,0.5332,0.2092,0.01,0.0
0.1,1,Gen-Hard,Balanced Gen-Hard,28.5,old,100.0,0.9999999999999998,4.795598316335678,0.1002,0.2508,0.01,0.0
0.1,1,Random,Balanced Random,26.02,old,100.0,0.9999999999999998,4.802566748476028,0.0972,0.0626,0.01,0.0
0.1,2,Disc-Hard,Balanced Disc-Hard,23.2,old,100.0,0.9999999999999998,5.645967098712921,0.5332,0.2092,0.01,0.0
0.1,2,Gen-Hard,Balanced Gen-Hard,28.0,old,100.0,0.9999999999999998,4.795598316335678,0.1002,0.2508,0.01,0.0
0.1,2,Random,Balanced Random,27.85,old,100.0,0.9999999999999998,4.795191966152191,0.0982,0.0596,0.01,0.0
0.1,3,Disc-Hard,Balanced Disc-Hard,22.46,new,100.0,0.9999999999999998,5.645967098712921,0.5332,0.2092,0.01,0.0
0.1,3,Gen-Hard,Balanced Gen-Hard,27.4,new,100.0,0.9999999999999998,4.795598316335678,0.1002,0.2508,0.01,0.0
0.1,3,Random,Balanced Random,26.38,new,100.0,0.9999999999999998,4.789824688887596,0.0996,0.0664,0.01,0.0
0.1,4,Disc-Hard,Balanced Disc-Hard,22.99,new,100.0,0.9999999999999998,5.645967098712921,0.5332,0.2092,0.01,0.0
0.1,4,Gen-Hard,Balanced Gen-Hard,27.75,new,100.0,0.9999999999999998,4.795598316335678,0.1002,0.2508,0.01,0.0
0.1,4,Random,Balanced Random,27.11,new,100.0,0.9999999999999998,4.7825345777988435,0.0988,0.0556,0.01,0.0
0.3,0,Disc-Hard,Balanced Disc-Hard,40.12,old,100.0,0.9999999999999998,5.318282677173615,0.279,0.15206666666666666,0.01,0.0
0.3,0,Gen-Hard,Balanced Gen-Hard,43.51,old,100.0,0.9999999999999998,4.792932352121671,0.1012,0.20813333333333334,0.01,0.0
0.3,0,Random,Balanced Random,43.53,old,100.0,0.9999999999999998,4.7975384297529855,0.1032,0.06326666666666667,0.01,0.0
0.3,1,Disc-Hard,Balanced Disc-Hard,40.08,old,100.0,0.9999999999999998,5.318282677173615,0.279,0.15206666666666666,0.01,0.0
0.3,1,Gen-Hard,Balanced Gen-Hard,43.45,old,100.0,0.9999999999999998,4.792932352121671,0.1012,0.20813333333333334,0.01,0.0
0.3,1,Random,Balanced Random,43.34,old,100.0,0.9999999999999998,4.79716519745191,0.10066666666666667,0.06133333333333333,0.01,0.0
0.3,2,Disc-Hard,Balanced Disc-Hard,39.85,old,100.0,0.9999999999999998,5.318282677173615,0.279,0.15206666666666666,0.01,0.0
0.3,2,Gen-Hard,Balanced Gen-Hard,43.79,old,100.0,0.9999999999999998,4.792932352121671,0.1012,0.20813333333333334,0.01,0.0
0.3,2,Random,Balanced Random,43.58,old,100.0,0.9999999999999998,4.798145322672526,0.101,0.0626,0.01,0.0
0.3,3,Disc-Hard,Balanced Disc-Hard,40.29,new,100.0,0.9999999999999998,5.318282677173615,0.279,0.15206666666666666,0.01,0.0
0.3,3,Gen-Hard,Balanced Gen-Hard,44.01,new,100.0,0.9999999999999998,4.792932352121671,0.1012,0.20813333333333334,0.01,0.0
0.3,3,Random,Balanced Random,43.77,new,100.0,0.9999999999999998,4.793903953425089,0.09993333333333333,0.062066666666666666,0.01,0.0
0.3,4,Disc-Hard,Balanced Disc-Hard,39.96,new,100.0,0.9999999999999998,5.318282677173615,0.279,0.15206666666666666,0.01,0.0
0.3,4,Gen-Hard,Balanced Gen-Hard,44.43,new,100.0,0.9999999999999998,4.792932352121671,0.1012,0.20813333333333334,0.01,0.0
0.3,4,Random,Balanced Random,43.47,new,100.0,0.9999999999999998,4.792197282918294,0.0968,0.061733333333333335,0.01,0.0
