paper_result,dataset,proxy,target,experiment,source_code,config,result_file,checkpoint,seed,publishable,reason,notes,learner,budget,input_files
Table 17 (tab:appendix-main-dependence),CIFAR-100 training; ImageNet checks where reported,DDPM,CE; margin; GradNorm; dynamics where reported,gate1_ddpm,experiments/scoring/extract_gen_proxies.py; historical exact scalar scorer unresolved,PUBLIC_RELEASE_INVENTORY.csv; upstream model records,results/aggregate/review_reported/; archive/review_history/cached_summaries/,,full reported split,YES_SOURCE_OR_DERIVED_RESULTS; CHECKPOINTS_PENDING_TERMS,RECOVERED_SCORER_OR_CANDIDATE; EXACT_HISTORICAL_CONFIG_PARTIAL,Scoring source is not sufficient evidence of exact historical model tag/result equivalence. ImageNet scalars excluded; raw inputs/checkpoint provenance may be unavailable.,ResNet-18 or pretrained ResNet-50 per paper,,User-supplied upstream inputs where not covered by seven released CIFAR scalar arrays
Table 17 (tab:appendix-main-dependence),CIFAR-100 training; ImageNet checks where reported,DDIM,CE; margin; GradNorm; dynamics where reported,gate1_ddim,experiments/scoring/compute_ddim_hardness.py,PUBLIC_RELEASE_INVENTORY.csv; upstream model records,results/aggregate/review_reported/; archive/review_history/cached_summaries/,,full reported split,YES_SOURCE_OR_DERIVED_RESULTS; CHECKPOINTS_PENDING_TERMS,RECOVERED_SCORER_OR_CANDIDATE; EXACT_HISTORICAL_CONFIG_PARTIAL,Scoring source is not sufficient evidence of exact historical model tag/result equivalence. ImageNet scalars excluded; raw inputs/checkpoint provenance may be unavailable.,ResNet-18 or pretrained ResNet-50 per paper,,User-supplied upstream inputs where not covered by seven released CIFAR scalar arrays
Table 17 (tab:appendix-main-dependence),CIFAR-100 training; ImageNet checks where reported,DDIM-CLIP,CE; margin; GradNorm; dynamics where reported,gate1_ddim-clip,experiments/scoring/compute_ddim_hardness.py; experiments/scoring/clip_semantic_proxy.py,PUBLIC_RELEASE_INVENTORY.csv; upstream model records,results/aggregate/review_reported/; archive/review_history/cached_summaries/,,full reported split,YES_SOURCE_OR_DERIVED_RESULTS; CHECKPOINTS_PENDING_TERMS,RECOVERED_SCORER_OR_CANDIDATE; EXACT_HISTORICAL_CONFIG_PARTIAL,Scoring source is not sufficient evidence of exact historical model tag/result equivalence. ImageNet scalars excluded; raw inputs/checkpoint provenance may be unavailable.,ResNet-18 or pretrained ResNet-50 per paper,,User-supplied upstream inputs where not covered by seven released CIFAR scalar arrays
Table 21 (tab:appendix-imagenet),ImageNet-1K validation,VAE,CE; margin; GradNorm; dynamics where reported,gate1_vae,experiments/scoring/compute_imagenet1k_vae_proxies.py,PUBLIC_RELEASE_INVENTORY.csv; upstream model records,results/aggregate/review_reported/; archive/review_history/cached_summaries/,,full reported split,YES_SOURCE_OR_DERIVED_RESULTS; CHECKPOINTS_PENDING_TERMS,RECOVERED_SCORER_OR_CANDIDATE; EXACT_HISTORICAL_CONFIG_PARTIAL,Scoring source is not sufficient evidence of exact historical model tag/result equivalence. ImageNet scalars excluded; raw inputs/checkpoint provenance may be unavailable.,ResNet-18 or pretrained ResNet-50 per paper,,User-supplied upstream inputs where not covered by seven released CIFAR scalar arrays
Table 17 (tab:appendix-main-dependence),CIFAR-100 training; ImageNet checks where reported,SD-VAE,CE; margin; GradNorm; dynamics where reported,gate1_sd-vae,experiments/scoring/compute_cifar100_latent_roundtrip_proxy.py,PUBLIC_RELEASE_INVENTORY.csv; upstream model records,results/aggregate/review_reported/; archive/review_history/cached_summaries/,,full reported split,YES_SOURCE_OR_DERIVED_RESULTS; CHECKPOINTS_PENDING_TERMS,RECOVERED_SCORER_OR_CANDIDATE; EXACT_HISTORICAL_CONFIG_PARTIAL,Scoring source is not sufficient evidence of exact historical model tag/result equivalence. ImageNet scalars excluded; raw inputs/checkpoint provenance may be unavailable.,ResNet-18 or pretrained ResNet-50 per paper,,User-supplied upstream inputs where not covered by seven released CIFAR scalar arrays
Table 17 (tab:appendix-main-dependence),CIFAR-100 training; ImageNet checks where reported,SD-v1.5,CE; margin; GradNorm; dynamics where reported,gate1_sd-v1.5,experiments/scoring/compute_sd_latent_denoise_proxy.py,PUBLIC_RELEASE_INVENTORY.csv; upstream model records,results/aggregate/review_reported/; archive/review_history/cached_summaries/,,full reported split,YES_SOURCE_OR_DERIVED_RESULTS; CHECKPOINTS_PENDING_TERMS,RECOVERED_SCORER_OR_CANDIDATE; EXACT_HISTORICAL_CONFIG_PARTIAL,Scoring source is not sufficient evidence of exact historical model tag/result equivalence. ImageNet scalars excluded; raw inputs/checkpoint provenance may be unavailable.,ResNet-18 or pretrained ResNet-50 per paper,,User-supplied upstream inputs where not covered by seven released CIFAR scalar arrays
Table 17 (tab:appendix-main-dependence),CIFAR-100 training; ImageNet checks where reported,Emu3 VQ,CE; margin; GradNorm; dynamics where reported,gate1_emu3_vq,experiments/scoring/compute_emu3_vq_recon_proxy.py,PUBLIC_RELEASE_INVENTORY.csv; upstream model records,results/aggregate/review_reported/; archive/review_history/cached_summaries/,,full reported split,YES_SOURCE_OR_DERIVED_RESULTS; CHECKPOINTS_PENDING_TERMS,RECOVERED_SCORER_OR_CANDIDATE; EXACT_HISTORICAL_CONFIG_PARTIAL,Scoring source is not sufficient evidence of exact historical model tag/result equivalence. ImageNet scalars excluded; raw inputs/checkpoint provenance may be unavailable.,ResNet-18 or pretrained ResNet-50 per paper,,User-supplied upstream inputs where not covered by seven released CIFAR scalar arrays
Table 21 (tab:appendix-imagenet),ImageNet-1K validation,ImageGPT,CE; margin; GradNorm; dynamics where reported,gate1_imagegpt,experiments/scoring/compute_imagegpt_nll_proxy.py,PUBLIC_RELEASE_INVENTORY.csv; upstream model records,results/aggregate/review_reported/; archive/review_history/cached_summaries/,,full reported split,YES_SOURCE_OR_DERIVED_RESULTS; CHECKPOINTS_PENDING_TERMS,RECOVERED_SCORER_OR_CANDIDATE; EXACT_HISTORICAL_CONFIG_PARTIAL,Scoring source is not sufficient evidence of exact historical model tag/result equivalence. ImageNet scalars excluded; raw inputs/checkpoint provenance may be unavailable.,ResNet-18 or pretrained ResNet-50 per paper,,User-supplied upstream inputs where not covered by seven released CIFAR scalar arrays
Table 18 (tab:appendix-cifar100-dataset-specific-ae),CIFAR-100 training; ImageNet checks where reported,ConvAE,CE; margin; GradNorm; dynamics where reported,gate1_convae,experiments/cifar100/run_cifar100_dataset_specific_ae_proxy.py,PUBLIC_RELEASE_INVENTORY.csv; upstream model records,results/aggregate/convae/,,full reported split,YES_SOURCE_OR_DERIVED_RESULTS; CHECKPOINTS_PENDING_TERMS,RECOVERED_SCORER_OR_CANDIDATE; EXACT_HISTORICAL_CONFIG_PARTIAL,Scoring source is not sufficient evidence of exact historical model tag/result equivalence. ImageNet scalars excluded; raw inputs/checkpoint provenance may be unavailable.,ResNet-18 or pretrained ResNet-50 per paper,,User-supplied upstream inputs where not covered by seven released CIFAR scalar arrays
Table 19 (tab:appendix-dinov2-stress),CIFAR-100 training; ImageNet checks where reported,DINOv2,CE; margin; GradNorm; dynamics where reported,gate1_dinov2,experiments/dinov2_gate3/run_dinov2_stress_test.py,PUBLIC_RELEASE_INVENTORY.csv; upstream model records,results/aggregate/dinov2_scalar/,,full reported split,YES_SOURCE_OR_DERIVED_RESULTS; CHECKPOINTS_PENDING_TERMS,RECOVERED_SCORER_OR_CANDIDATE; EXACT_HISTORICAL_CONFIG_PARTIAL,Scoring source is not sufficient evidence of exact historical model tag/result equivalence. ImageNet scalars excluded; raw inputs/checkpoint provenance may be unavailable.,ResNet-18 or pretrained ResNet-50 per paper,,User-supplied upstream inputs where not covered by seven released CIFAR scalar arrays
Table 23 (tab:appendix-predictive-validity),CIFAR-100 training held-out splits,DDIM; DDIM-CLIP; SD-VAE; SD-v1.5,CE; margin; GradNorm; forgetting; first-learning,gate2_single-proxy_linear,experiments/analysis/run_predictive_power_fast.py,configs/w5_predictive_power_fast/predictive_power_manifest.json,results/aggregate/predictive_validity/,,split seeds 0–4,YES_SOURCE_OR_DERIVED_RESULTS; CHECKPOINTS_PENDING_TERMS,PARTIAL_REGENERATION,Paper values match recovered summary. DDIM-CLIP input absent from release; max_train_samples=30000 is recorded. New interface command is not this full suite.,LinearRegression / HistGBDT,,User-supplied upstream inputs where not covered by seven released CIFAR scalar arrays
Table 23 (tab:appendix-predictive-validity),CIFAR-100 training held-out splits,DDIM; DDIM-CLIP; SD-VAE; SD-v1.5,CE; margin; GradNorm; forgetting; first-learning,gate2_single-proxy_nonlinear,experiments/analysis/run_predictive_power_fast.py,configs/w5_predictive_power_fast/predictive_power_manifest.json,results/aggregate/predictive_validity/,,split seeds 0–4,YES_SOURCE_OR_DERIVED_RESULTS; CHECKPOINTS_PENDING_TERMS,PARTIAL_REGENERATION,Paper values match recovered summary. DDIM-CLIP input absent from release; max_train_samples=30000 is recorded. New interface command is not this full suite.,LinearRegression / HistGBDT,,User-supplied upstream inputs where not covered by seven released CIFAR scalar arrays
Table 23 (tab:appendix-predictive-validity),CIFAR-100 training held-out splits,DDIM; DDIM-CLIP; SD-VAE; SD-v1.5,CE; margin; GradNorm; forgetting; first-learning,gate2_multi-proxy_nonlinear,experiments/analysis/run_predictive_power_fast.py,configs/w5_predictive_power_fast/predictive_power_manifest.json,results/aggregate/predictive_validity/,,split seeds 0–4,YES_SOURCE_OR_DERIVED_RESULTS; CHECKPOINTS_PENDING_TERMS,PARTIAL_REGENERATION,Paper values match recovered summary. DDIM-CLIP input absent from release; max_train_samples=30000 is recorded. New interface command is not this full suite.,LinearRegression / HistGBDT,,User-supplied upstream inputs where not covered by seven released CIFAR scalar arrays
Table 28 (tab:appendix-selection-effects),CIFAR-100 train/test,Random; Gen-Hard; Disc-Hard; Predictive Entropy; Coreset-kCenter; OHS-XOR,test Top-1,cifar100_main_gate3,experiments/cifar100/alpha_mix_baseline.py; run_w3_uncertainty_baseline.py; run_w3_coreset_baseline.py,,results/seed_level/cifar100_main/,checkpoints/MANIFEST.csv,0–4,YES_SOURCE_OR_DERIVED_RESULTS; CHECKPOINTS_PENDING_TERMS,PARTIAL_REGENERATION,200-epoch matched ranking audit. Exact historical timm version unavailable. No ResNet-50 saved checkpoints found.,ResNet-18,10/30/50/70%,User-supplied upstream inputs where not covered by seven released CIFAR scalar arrays
Table 29 (tab:appendix-second-learner-transfer),CIFAR-100 train/test,Random; Gen-Hard; Disc-Hard; OHS-XOR,test Top-1,cifar100_second_learner,experiments/cifar100/run_cifar100_second_learner_transfer.py,,results/seed_level/cifar100_second_learner/,checkpoints/MANIFEST.csv,0–4,YES_SOURCE_OR_DERIVED_RESULTS; CHECKPOINTS_PENDING_TERMS,PARTIAL_REGENERATION,200-epoch matched ranking audit. Exact historical timm version unavailable. No ResNet-50 saved checkpoints found.,ResNet-50,10/30/50/70%,User-supplied upstream inputs where not covered by seven released CIFAR scalar arrays
Table 24 (tab:appendix-dinov2-gate3),CIFAR-100 train/test,DINOv2 isolation Hard vs matched Random,epoch-200 Top-1,dinov2_gate3,experiments/dinov2_gate3/run_dinov2_gate3_transfer.py,experiments/dinov2_gate3/provenance/,experiments/dinov2_gate3/statistics/dinov2_clean_5seed_all_conditions.csv,checkpoints/MANIFEST.csv,0–4,YES_SOURCE_OR_DERIVED_RESULTS; CHECKPOINTS_PENDING_TERMS,CPU_FINAL_PAIRED_STATISTICS_VERIFIED; TRAINING_REQUIRES_INPUTS,Exact recovered runner uses weights=None torchvision fallback. Balanced selection needs rank adapters/selectors from preserved provenance. No saved endpoint weights found.,ResNet-18,ordinary 10%,User-supplied upstream inputs where not covered by seven released CIFAR scalar arrays
Table 24 (tab:appendix-dinov2-gate3),CIFAR-100 train/test,DINOv2 isolation Hard vs matched Random,epoch-200 Top-1,dinov2_gate3,experiments/dinov2_gate3/run_dinov2_gate3_transfer.py,experiments/dinov2_gate3/provenance/,experiments/dinov2_gate3/statistics/dinov2_clean_5seed_all_conditions.csv,checkpoints/MANIFEST.csv,0–4,YES_SOURCE_OR_DERIVED_RESULTS; CHECKPOINTS_PENDING_TERMS,CPU_FINAL_PAIRED_STATISTICS_VERIFIED; TRAINING_REQUIRES_INPUTS,Exact recovered runner uses weights=None torchvision fallback. Balanced selection needs rank adapters/selectors from preserved provenance. No saved endpoint weights found.,ResNet-18,ordinary 30%,User-supplied upstream inputs where not covered by seven released CIFAR scalar arrays
Table 24 (tab:appendix-dinov2-gate3),CIFAR-100 train/test,DINOv2 isolation Hard vs matched Random,epoch-200 Top-1,dinov2_gate3,experiments/dinov2_gate3/run_dinov2_gate3_transfer.py,experiments/dinov2_gate3/provenance/,experiments/dinov2_gate3/statistics/dinov2_clean_5seed_all_conditions.csv,checkpoints/MANIFEST.csv,0–4,YES_SOURCE_OR_DERIVED_RESULTS; CHECKPOINTS_PENDING_TERMS,CPU_FINAL_PAIRED_STATISTICS_VERIFIED; TRAINING_REQUIRES_INPUTS,Exact recovered runner uses weights=None torchvision fallback. Balanced selection needs rank adapters/selectors from preserved provenance. No saved endpoint weights found.,ResNet-18,ordinary 50%,User-supplied upstream inputs where not covered by seven released CIFAR scalar arrays
Table 24 (tab:appendix-dinov2-gate3),CIFAR-100 train/test,DINOv2 isolation Hard vs matched Random,epoch-200 Top-1,dinov2_gate3,experiments/dinov2_gate3/run_dinov2_gate3_transfer.py,experiments/dinov2_gate3/provenance/,experiments/dinov2_gate3/statistics/dinov2_clean_5seed_all_conditions.csv,checkpoints/MANIFEST.csv,0–4,YES_SOURCE_OR_DERIVED_RESULTS; CHECKPOINTS_PENDING_TERMS,CPU_FINAL_PAIRED_STATISTICS_VERIFIED; TRAINING_REQUIRES_INPUTS,Exact recovered runner uses weights=None torchvision fallback. Balanced selection needs rank adapters/selectors from preserved provenance. No saved endpoint weights found.,ResNet-18,balanced 10%,User-supplied upstream inputs where not covered by seven released CIFAR scalar arrays
Table 19 (tab:appendix-dinov2-stress),CIFAR-100 train/test,reverse isolation / Disc-Hard diagnostic,Top-1,dinov2_reverse_diagnostic,experiments/dinov2_gate3/run_dinov2_gate3_transfer.py,,archive/review_history/cached_summaries/dinov2_gate3_diagnostics_summary.csv,,three seeds,YES_SOURCE_OR_DERIVED_RESULTS; CHECKPOINTS_PENDING_TERMS,PARTIAL_REGENERATION,Separate three-seed diagnostic; never substitute this for final five-seed hard-selection results.,ResNet-18,10%,User-supplied upstream inputs where not covered by seven released CIFAR scalar arrays
Table 26 (tab:appendix-ordering),CIFAR-100 train/test,DDPM score norm; Random,epoch-200 Top-1,ddpm_ordering,experiments/ddpm_ordering/run_curriculum_with_weights.py,experiments/ddpm_ordering/configs/order_config.json,experiments/ddpm_ordering/per_seed_results.csv,checkpoints/MANIFEST.csv,0–7,YES_SOURCE_OR_DERIVED_RESULTS; CHECKPOINTS_PENDING_TERMS,CPU_FINAL_PAIRED_STATISTICS_VERIFIED,All samples exactly once/epoch and matched steps. Only 18/24 trained endpoint files found; six are missing.,ResNet-18,"full 50k, 10 bins",User-supplied upstream inputs where not covered by seven released CIFAR scalar arrays
Table 26 (tab:appendix-ordering),CIFAR-100 train/test,DDPM score norm; Easy-to-Hard,epoch-200 Top-1,ddpm_ordering,experiments/ddpm_ordering/run_curriculum_with_weights.py,experiments/ddpm_ordering/configs/order_config.json,experiments/ddpm_ordering/per_seed_results.csv,checkpoints/MANIFEST.csv,0–7,YES_SOURCE_OR_DERIVED_RESULTS; CHECKPOINTS_PENDING_TERMS,CPU_FINAL_PAIRED_STATISTICS_VERIFIED,All samples exactly once/epoch and matched steps. Only 18/24 trained endpoint files found; six are missing.,ResNet-18,"full 50k, 10 bins",User-supplied upstream inputs where not covered by seven released CIFAR scalar arrays
Table 26 (tab:appendix-ordering),CIFAR-100 train/test,DDPM score norm; Shuffled-Proxy Order,epoch-200 Top-1,ddpm_ordering,experiments/ddpm_ordering/run_curriculum_with_weights.py,experiments/ddpm_ordering/configs/order_config.json,experiments/ddpm_ordering/per_seed_results.csv,checkpoints/MANIFEST.csv,0–7,YES_SOURCE_OR_DERIVED_RESULTS; CHECKPOINTS_PENDING_TERMS,CPU_FINAL_PAIRED_STATISTICS_VERIFIED,All samples exactly once/epoch and matched steps. Only 18/24 trained endpoint files found; six are missing.,ResNet-18,"full 50k, 10 bins",User-supplied upstream inputs where not covered by seven released CIFAR scalar arrays
Table 30 (tab:appendix-imagenette-transfer),ImageNet-10 train/validation,VAE; CE; Random; OHS-XOR,validation Top-1,imagenet10,experiments/imagenet10/run_imagenette_transfer_minimal.py; score_imagenette_train_targets.py,,results/seed_level/imagenet10/,checkpoints/MANIFEST.csv,0–2,YES_SOURCE_OR_DERIVED_RESULTS; CHECKPOINTS_PENDING_TERMS,PARTIAL_REGENERATION,Fine-tuning initialization is upstream weights; no author-trained saved endpoint file found. Score inputs not released.,ResNet-18 pretrained head fine-tuning,10/30%,User-supplied upstream inputs where not covered by seven released CIFAR scalar arrays
Table 27 (tab:appendix-imagenet-gate3),ImageNet-1K train/validation,VAE balanced Hard / balanced Random,validation Top-1/Top-5,imagenet1k_vae_gate3,experiments/imagenet1k_vae_gate3/train_resnet18_gate3_20260727.py; build_vae_selections_20260727.py; score_train_vae_full_20260727.py,configs/imagenet1k_vae_gate3/,experiments/imagenet1k_vae_gate3/SEED_LEVEL_RESULTS.csv,checkpoints/MANIFEST.csv,0–4,YES_SOURCE_OR_DERIVED_RESULTS; CHECKPOINTS_PENDING_TERMS,CPU_FINAL_PAIRED_STATISTICS_VERIFIED; CHECKPOINT_TENSOR_EXPORT_VERIFIED,"best validation Top-1; all 20 endpoints found. Selector/checkpoint hashes link to run inventory. Dataset, train-score manifest, and scalar arrays not redistributed.",ResNet-18 from scratch,30% per class,User-supplied upstream inputs where not covered by seven released CIFAR scalar arrays
Table 27 (tab:appendix-imagenet-gate3),ImageNet-1K train/validation,VAE balanced Hard / balanced Random,validation Top-1/Top-5,imagenet1k_vae_gate3,experiments/imagenet1k_vae_gate3/train_resnet18_gate3_20260727.py; build_vae_selections_20260727.py; score_train_vae_full_20260727.py,configs/imagenet1k_vae_gate3/,experiments/imagenet1k_vae_gate3/SEED_LEVEL_RESULTS.csv,checkpoints/MANIFEST.csv,0–4,YES_SOURCE_OR_DERIVED_RESULTS; CHECKPOINTS_PENDING_TERMS,CPU_FINAL_PAIRED_STATISTICS_VERIFIED; CHECKPOINT_TENSOR_EXPORT_VERIFIED,"final epoch 90; all 20 endpoints found. Selector/checkpoint hashes link to run inventory. Dataset, train-score manifest, and scalar arrays not redistributed.",ResNet-18 from scratch,30% per class,User-supplied upstream inputs where not covered by seven released CIFAR scalar arrays
Table 18 (tab:appendix-cifar100-dataset-specific-ae),CIFAR-100 train,ConvAE reconstruction,CE/margin/GradNorm/dynamics,convae,experiments/cifar100/run_cifar100_dataset_specific_ae_proxy.py,configs/cifar100_dataset_specific_proxy/manifest.json,results/aggregate/convae/,checkpoints/MANIFEST.csv,AE seed 0; splits 0–4,YES_SOURCE_OR_DERIVED_RESULTS; CHECKPOINTS_PENDING_TERMS,PARTIAL_REGENERATION,Author-trained final ConvAE checkpoint exists; release terms pending.,ConvAE / ResNet-18,50 AE epochs,User-supplied upstream inputs where not covered by seven released CIFAR scalar arrays
Table 36 (tab:appendix-positive-calibration),ImageNet-1K validation,ResNet-18 CE,ResNet-50 CE / target-hard retrieval,positive_control,experiments/controls/positive_task_aligned_control.py,,results/aggregate/positive_control/,,five split seeds; null repetitions,YES_SOURCE_OR_DERIVED_RESULTS; CHECKPOINTS_PENDING_TERMS,PARTIAL_REGENERATION,"Pearson .752185, Spearman .578181, R² .5636816, top10 recall .6248 match paper. ImageNet sample CE arrays remain excluded.",pretrained ResNet-18/50,top 10/30%,User-supplied upstream inputs where not covered by seven released CIFAR scalar arrays
Table 37 (tab:appendix-shuffled-control),CIFAR-100 train,shuffled DDIM,CE/margin/GradNorm,shuffled_control,MISSING_EXACT_STANDALONE_RUNNER,,archive/review_history/cached_summaries/table26_shuffled_proxy.csv,,five shuffle seeds,YES_SOURCE_OR_DERIVED_RESULTS; CHECKPOINTS_PENDING_TERMS,AGGREGATE_ONLY; EXACT_RUNNER_NOT_RECOVERED,Do not substitute ordering shuffle implementation for the sample-wise negative-control experiment.,ResNet-18,,User-supplied upstream inputs where not covered by seven released CIFAR scalar arrays
Table 33 (tab:appendix-balanced),CIFAR-100 train/test,balanced Random; DDPM/CE Hard,Top-1 and class coverage,balanced_controls,experiments/cifar100/run_w3_balanced_control_job.py,,results/aggregate/cifar100_balanced/,checkpoints/MANIFEST.csv,0–4,YES_SOURCE_OR_DERIVED_RESULTS; CHECKPOINTS_PENDING_TERMS,PARTIAL_REGENERATION,Thirty endpoints found; unrelated 20% balanced checkpoints excluded.,ResNet-18,10/30%,User-supplied upstream inputs where not covered by seven released CIFAR scalar arrays
Table 32 (tab:appendix-alpha-mix),CIFAR-100 train/test,DDPM/CE scalar mixtures,Top-1,alpha_mix,experiments/cifar100/alpha_mix_baseline.py,,results/aggregate/alpha_mix_results.json,checkpoints/MANIFEST.csv,0–2,YES_SOURCE_OR_DERIVED_RESULTS; CHECKPOINTS_PENDING_TERMS,PARTIAL_REGENERATION,"Auxiliary sweep only, a=0/.25/.5/.75/1; three seeds; preserve original final table values.",ResNet-18,10/50/70%,User-supplied upstream inputs where not covered by seven released CIFAR scalar arrays
Table 39 (tab:appendix-training-dynamics),CIFAR-100 train/test,DDPM; SD-v1.5,forgetting; first-learning,training_dynamics,experiments/analysis/run_training_dynamics.py; audit_driver.py,,results/aggregate/training_dynamics/,,separate target run; five split seeds,YES_SOURCE_OR_DERIVED_RESULTS; CHECKPOINTS_PENDING_TERMS,PARTIAL_REGENERATION,Separate dynamics target; never merge with historical CE target silently.,ResNet-18,,User-supplied upstream inputs where not covered by seven released CIFAR scalar arrays
Table 40 (tab:appendix-epochwise),CIFAR-100 train,DDPM; SD-v1.5,cumulative forgetting; correctness,epochwise,experiments/analysis/analyze_epochwise_dynamics.py,,results/aggregate/epochwise/,,,YES_SOURCE_OR_DERIVED_RESULTS; CHECKPOINTS_PENDING_TERMS,PARTIAL_REGENERATION,Reported epochs are retained in scalar correlation records.,ResNet-18,,User-supplied upstream inputs where not covered by seven released CIFAR scalar arrays
Table 38 (tab:appendix-granularity),CIFAR-100 train,recorded diffusion score,20-superclass CE,label_granularity,experiments/analysis/analyze_granularity.py,,results/aggregate/review_reported/,,,YES_SOURCE_OR_DERIVED_RESULTS; CHECKPOINTS_PENDING_TERMS,HISTORICAL_IMPLEMENTATION_CANDIDATE; CHECKPOINT_PROVENANCE_UNRESOLVED,,ResNet-18,,User-supplied upstream inputs where not covered by seven released CIFAR scalar arrays
Table 35 (tab:appendix-cross-arch),CIFAR-100 train,task-aligned CE ranks,cross-architecture rank stability,cross_architecture,MISSING_EXACT_HISTORICAL_RUNNER,,archive/review_history/cached_summaries/,,,YES_SOURCE_OR_DERIVED_RESULTS; CHECKPOINTS_PENDING_TERMS,AGGREGATE_ONLY; TARGET_CHECKPOINT_TAGS_UNRESOLVED,,ResNet-18/50; ViT-S/16; WRN-50-2,,User-supplied upstream inputs where not covered by seven released CIFAR scalar arrays
Table 22 (tab:appendix-hsic),CIFAR-100 train,DDPM,CE HSIC,hsic,experiments/analysis/hsic_test.py,,results/aggregate/hsic_results.json,,seed 0; 200 permutations,YES_SOURCE_OR_DERIVED_RESULTS; CHECKPOINTS_PENDING_TERMS,HISTORICAL_IMPLEMENTATION_CANDIDATE; EXACT_RUN_PROVENANCE_PARTIAL,,ResNet-18,5000-sample subsample,User-supplied upstream inputs where not covered by seven released CIFAR scalar arrays
Table 10 (tab:appendix-threshold-sensitivity),reported settings,generative scores; DINOv2,claim sensitivity,threshold_sensitivity,MISSING_EXACT_FROZEN_CALIBRATION_RUNNER,,archive/review_history/cached_summaries/threshold_sensitivity_summary.csv,,,YES_SOURCE_OR_DERIVED_RESULTS; CHECKPOINTS_PENDING_TERMS,PARTIAL_REGENERATION; DO_NOT_INVENT_CALIBRATION,Paper reports frozen calibration protocol; exact historical calibration artifacts not fully recovered.,reported learners,,User-supplied upstream inputs where not covered by seven released CIFAR scalar arrays
Table 31 (tab:appendix-disc-hard-diagnostics),CIFAR-100 train/test,CE Hard,coverage; CE-tail concentration,hard_only_diagnostics,experiments/analysis/audit_driver.py,,results/aggregate/review_reported/,,,YES_SOURCE_OR_DERIVED_RESULTS; CHECKPOINTS_PENDING_TERMS,PARTIAL_REGENERATION,Coverage/source inputs required; images excluded.,ResNet-18,10/30%,User-supplied upstream inputs where not covered by seven released CIFAR scalar arrays
Figure 6 (fig:appendix-timestep),CIFAR-100 train,diffusion timestep sweep,CE/GradNorm dependence,timestep,experiments/scoring/compute_ddim_hardness.py; original DDPM sweep runner unresolved,,archive/review_history/cached_summaries/,,,YES_SOURCE_OR_DERIVED_RESULTS; CHECKPOINTS_PENDING_TERMS,AGGREGATE_ONLY; EXACT_HISTORICAL_SWEEP_PARTIAL,Figure 6 plot generator exists in paper project but does not regenerate scores.,ResNet-18,,User-supplied upstream inputs where not covered by seven released CIFAR scalar arrays
Table 20 (tab:appendix-original-corr),CIFAR-10/100 training; ImageNet-10 validation,DDPM; DDIM; DDIM-CLIP; VAE; SD-v1.5; Emu3 as reported,CE; margin; GradNorm,original_dependence,experiments/scoring/; historical exact run configs partial,,archive/review_history/cached_summaries/,,,YES_SOURCE_OR_DERIVED_RESULTS; CHECKPOINTS_PENDING_TERMS,AGGREGATE_WITH_RECOVERED_SCORER_CANDIDATES,Dataset-specific historical targets and original upstream tags not all recovered.,ResNet-18,,User-supplied upstream inputs where not covered by seven released CIFAR scalar arrays
Table 21 (tab:appendix-imagenet),ImageNet-1K validation,VAE; SD-VAE; SD-v1.5; Emu3; ImageGPT,CE; margin; GradNorm,imagenet_scoring_comparison,experiments/scoring/,,results/aggregate/review_reported/,,,YES_SOURCE_OR_DERIVED_RESULTS; CHECKPOINTS_PENDING_TERMS,AGGREGATE_WITH_RECOVERED_SCORER_CANDIDATES,All sample-wise ImageNet arrays excluded; full regeneration needs upstream datasets/models and some unresolved historical tags.,pretrained ResNet-50,full 50k validation,User-supplied upstream inputs where not covered by seven released CIFAR scalar arrays
Table 25 (tab:appendix-dino-seeds),CIFAR-100 train/test,DINOv2 hard/random,five-pair Top-1,dinov2_gate3,experiments/dinov2_gate3/run_dinov2_gate3_transfer.py,,experiments/dinov2_gate3/statistics/dinov2_clean_5seed_all_conditions.csv,checkpoints/MANIFEST.csv,0–4,YES_SOURCE_OR_DERIVED_RESULTS; CHECKPOINTS_PENDING_TERMS,CPU_FINAL_PAIRED_STATISTICS_VERIFIED,,ResNet-18,10/30/50%; balanced10%,User-supplied upstream inputs where not covered by seven released CIFAR scalar arrays
Table 34 (tab:appendix-balanced-diagnostics),CIFAR-100 train/test,balanced CE/DDPM Hard; Random,coverage; CE tails; joint hardness,balanced_controls,experiments/cifar100/run_w3_balanced_control_job.py,,results/aggregate/cifar100_balanced/,checkpoints/MANIFEST.csv,0–4,YES_SOURCE_OR_DERIVED_RESULTS; CHECKPOINTS_PENDING_TERMS,PARTIAL_REGENERATION,,ResNet-18,10/30%,User-supplied upstream inputs where not covered by seven released CIFAR scalar arrays
