release_file,size_bytes,sha256,classification,publication_status
.gitignore,95,f3b69466a9eea7ac20093aba5041ab23ce82d6dc8020af5dd1973e10044935c3,AUTHOR_CREATED_OR_DERIVED; UPSTREAM_POINTERS_ONLY,PUBLIC_RELEASE; HUMAN_RELEASE_APPROVED
CHECKPOINT_COUNT_RECONCILIATION.md,4494,7456396e7a01f9f844ef713977eaa9e1bcf825549081606e0a23c836b96cabad,AUTHOR_CREATED_OR_DERIVED; UPSTREAM_POINTERS_ONLY,PUBLIC_RELEASE; HUMAN_RELEASE_APPROVED
CITATION.cff,772,924d1b25c26ad81a12f949f84f557f34c2486d17920b4590d98bd5d8be7a79f4,AUTHOR_CREATED_OR_DERIVED; UPSTREAM_POINTERS_ONLY,PUBLIC_RELEASE; HUMAN_RELEASE_APPROVED
FINAL_PUBLIC_RELEASE_VALIDATION.md,2633,d6e9ac82a6611cc5acab6df313931fa52973a7f5074e074a843268a5948330da,AUTHOR_CREATED_OR_DERIVED; UPSTREAM_POINTERS_ONLY,PUBLIC_RELEASE; HUMAN_RELEASE_APPROVED
LICENSE,1086,20f5e5d5d0b16dd3f40268eb55cbcfc3606b1ef7f415c6d502d7fc0d5d00c9de,AUTHOR_CREATED_OR_DERIVED; UPSTREAM_POINTERS_ONLY,PUBLIC_RELEASE; HUMAN_RELEASE_APPROVED
LICENSE_OR_TERMS.md,1761,8efbe65a9584e4a4bf1471b7c84b98540ff2e79ecee02ffef1f69ae4cd3f79e3,AUTHOR_CREATED_OR_DERIVED; UPSTREAM_POINTERS_ONLY,PUBLIC_RELEASE; HUMAN_RELEASE_APPROVED
PUBLIC_RELEASE_INVENTORY.csv,27362,663c92e912ea6d7dc778b73ff7c5b110c8624041d9595a08da7734b5f85fd0f8,AUTHOR_CREATED_OR_DERIVED; UPSTREAM_POINTERS_ONLY,PUBLIC_RELEASE; HUMAN_RELEASE_APPROVED
README.md,9982,434dc0da4e76de38e584973dc01cdd38d7bc98278370335c6abe2ed0e5a376cf,AUTHOR_CREATED_OR_DERIVED; UPSTREAM_POINTERS_ONLY,PUBLIC_RELEASE; HUMAN_RELEASE_APPROVED
RELEASE_APPROVAL_CHECKLIST.md,1216,9a3d5c7ab4295dd8dfd90ce4dfc006bf9a58f594a519653801b8092e3c326504,AUTHOR_CREATED_OR_DERIVED; UPSTREAM_POINTERS_ONLY,PUBLIC_RELEASE; HUMAN_RELEASE_APPROVED
RELEASE_COMMAND_VALIDATION.md,5934,fcf4cbde454b7fe50462e7a0c29b3484e14b30b77a97aa09d1409341cc4840dd,AUTHOR_CREATED_OR_DERIVED; UPSTREAM_POINTERS_ONLY,PUBLIC_RELEASE; HUMAN_RELEASE_APPROVED
archive/release_process/PAPER_UPDATE_REPORT.md,10825,7a67f5a1f0909d1e14149f2a2e1ca916645cd50eeb3042a8249f0bf84e1f1c74,AUTHOR_CREATED_OR_DERIVED; UPSTREAM_POINTERS_ONLY,PUBLIC_RELEASE; HUMAN_RELEASE_APPROVED
archive/release_process/README.md,195,d8faa7cf06be990182d9c8f97c3889371ed33b9c43318b65d32aac469da28491,AUTHOR_CREATED_OR_DERIVED; UPSTREAM_POINTERS_ONLY,PUBLIC_RELEASE; HUMAN_RELEASE_APPROVED
archive/review_history/README.md,400,369ce0c14a2790a8185d616c0b43da8bfe860cdaef1d85cf5dbc2d81d021e711,AUTHOR_CREATED_OR_DERIVED; UPSTREAM_POINTERS_ONLY,PUBLIC_RELEASE; HUMAN_RELEASE_APPROVED
archive/review_history/anonymity_checklist.md,527,bfea8da393474b852993144b6d877616038ddfeae3cf5345671f4bc8e991af37,AUTHOR_CREATED_OR_DERIVED; UPSTREAM_POINTERS_ONLY,PUBLIC_RELEASE; HUMAN_RELEASE_APPROVED
archive/review_history/artifact_manifest_review_anonymized.json,4689,16bac8e723b3cd5b47bccb85fe05e767fbe28683e8115b2f16ee3019eb7ad52f,AUTHOR_CREATED_OR_DERIVED; UPSTREAM_POINTERS_ONLY,PUBLIC_RELEASE; HUMAN_RELEASE_APPROVED
archive/review_history/cached_summaries/README.md,786,b53549806dc95b03ad717c9f416e3b46fada60ce800061fdd21767c8eeda27ec,AUTHOR_CREATED_OR_DERIVED; UPSTREAM_POINTERS_ONLY,PUBLIC_RELEASE; HUMAN_RELEASE_APPROVED
archive/review_history/cached_summaries/dinov2_gate3_accuracy_summary.csv,175,9d9f6a0fdeee5e0a5b4ab49d506a889418ee94e5ae641e43dfbcb7e0438107bd,AUTHOR_CREATED_OR_DERIVED; UPSTREAM_POINTERS_ONLY,PUBLIC_RELEASE; HUMAN_RELEASE_APPROVED
archive/review_history/cached_summaries/dinov2_gate3_diagnostics_summary.csv,869,fb16773c0a3fd4a9dbe648eb5605b0fe62d3972ce443a839e3499c9d38fbc9f4,AUTHOR_CREATED_OR_DERIVED; UPSTREAM_POINTERS_ONLY,PUBLIC_RELEASE; HUMAN_RELEASE_APPROVED
archive/review_history/cached_summaries/dinov2_gate3_gate_status.json,605,44aed6badce53d6f21dacf755ba92bb953404e6d5351879e618bbef2f9425c9c,AUTHOR_CREATED_OR_DERIVED; UPSTREAM_POINTERS_ONLY,PUBLIC_RELEASE; HUMAN_RELEASE_APPROVED
archive/review_history/cached_summaries/dinov2_gate3_transfer_delta_summary.csv,250,3378a0dbce83c8a670ef96cf8780199ff3543e14f9b90630abbb278de57f7af9,AUTHOR_CREATED_OR_DERIVED; UPSTREAM_POINTERS_ONLY,PUBLIC_RELEASE; HUMAN_RELEASE_APPROVED
archive/review_history/cached_summaries/dinov2_gate3_transfer_summary.csv,512,6777b69d8ac9603aafafe31c4b7778d93ed724f959cccef80e38dcf4d57ea33a,AUTHOR_CREATED_OR_DERIVED; UPSTREAM_POINTERS_ONLY,PUBLIC_RELEASE; HUMAN_RELEASE_APPROVED
archive/review_history/cached_summaries/main_claim_tiers.csv,733,1f92345d006f03370be2851dacc6de378a3b77d2192c9b60c711c841180e40de,AUTHOR_CREATED_OR_DERIVED; UPSTREAM_POINTERS_ONLY,PUBLIC_RELEASE; HUMAN_RELEASE_APPROVED
archive/review_history/cached_summaries/paper_table_index.csv,4259,35981c3dfeeefb6f104c2b44fb7bf699f7143e46553ae605dc0b6f5a248661bf,AUTHOR_CREATED_OR_DERIVED; UPSTREAM_POINTERS_ONLY,PUBLIC_RELEASE; HUMAN_RELEASE_APPROVED
archive/review_history/cached_summaries/reported_results_summary.csv,543,a8c58d3edfe504add5579239d5d9d4f03b6dd42f036eaef86ced18ca34a89fd9,AUTHOR_CREATED_OR_DERIVED; UPSTREAM_POINTERS_ONLY,PUBLIC_RELEASE; HUMAN_RELEASE_APPROVED
archive/review_history/cached_summaries/table09_dependence_main.csv,757,35354e855da628246602a2881ef570596d97213867898cd835893dd29942799a,AUTHOR_CREATED_OR_DERIVED; UPSTREAM_POINTERS_ONLY,PUBLIC_RELEASE; HUMAN_RELEASE_APPROVED
archive/review_history/cached_summaries/table10_convae_check.csv,480,83d18d4e3ac48a985955eadebe2d3362c1e38b58a27df416891ea546e703fb9e,AUTHOR_CREATED_OR_DERIVED; UPSTREAM_POINTERS_ONLY,PUBLIC_RELEASE; HUMAN_RELEASE_APPROVED
archive/review_history/cached_summaries/table11_dinov2_stress.csv,528,5a533b7f90edfa3513d433c69ff5f440427d8f903aa34df2f63cd167f46796fc,AUTHOR_CREATED_OR_DERIVED; UPSTREAM_POINTERS_ONLY,PUBLIC_RELEASE; HUMAN_RELEASE_APPROVED
archive/review_history/cached_summaries/table13_imagenet1k_checks.csv,952,754ec2746d96293273ad7bec743977e284ce4a0a00e65d703f30905f1e63b914,AUTHOR_CREATED_OR_DERIVED; UPSTREAM_POINTERS_ONLY,PUBLIC_RELEASE; HUMAN_RELEASE_APPROVED
archive/review_history/cached_summaries/table15_predictive_validity.csv,408,dd10ec8cf9b2f4f4cd37ca79f3e09f232ccfd7f7f9eebee4b2022e261da464ea,AUTHOR_CREATED_OR_DERIVED; UPSTREAM_POINTERS_ONLY,PUBLIC_RELEASE; HUMAN_RELEASE_APPROVED
archive/review_history/cached_summaries/table16_cifar100_transfer.csv,621,c187e0b3238b50b38d1ae9b697fd79e1574333dc536a6e241b75b1e26d780778,AUTHOR_CREATED_OR_DERIVED; UPSTREAM_POINTERS_ONLY,PUBLIC_RELEASE; HUMAN_RELEASE_APPROVED
archive/review_history/cached_summaries/table17_resnet50_transfer.csv,604,51a0b3080c61550bd9cfc9be82633e18157a90c05819f2e54a120344b5a19699,AUTHOR_CREATED_OR_DERIVED; UPSTREAM_POINTERS_ONLY,PUBLIC_RELEASE; HUMAN_RELEASE_APPROVED
archive/review_history/cached_summaries/table18_imagenet10_transfer.csv,504,dc70fdd46ef1857cee24653c168027044f683bcb8adca6d3b574347687ecd678,AUTHOR_CREATED_OR_DERIVED; UPSTREAM_POINTERS_ONLY,PUBLIC_RELEASE; HUMAN_RELEASE_APPROVED
archive/review_history/cached_summaries/table19_disc_hard_diagnostics.csv,236,76d152b8db4b526b701d31935129894800acf340f2e9d88db0cd9cbc5ebfaa36,AUTHOR_CREATED_OR_DERIVED; UPSTREAM_POINTERS_ONLY,PUBLIC_RELEASE; HUMAN_RELEASE_APPROVED
archive/review_history/cached_summaries/table22_class_balanced_controls.csv,310,89a19eaf9b6976e2084dc45bb5c9f68d729f8d145bcd1abdb4695485f26d5ac4,AUTHOR_CREATED_OR_DERIVED; UPSTREAM_POINTERS_ONLY,PUBLIC_RELEASE; HUMAN_RELEASE_APPROVED
archive/review_history/cached_summaries/table25_cross_architecture.csv,121,8e0a2b6fd8c8a831833a263836d53b87fdcf631cf246140eee0aac60c1053a8e,AUTHOR_CREATED_OR_DERIVED; UPSTREAM_POINTERS_ONLY,PUBLIC_RELEASE; HUMAN_RELEASE_APPROVED
archive/review_history/cached_summaries/table26_shuffled_proxy.csv,278,23c5ff8124f1398843175780e177fb8e14bbea83cb79bfb2f8c1c7efe67ed5b8,AUTHOR_CREATED_OR_DERIVED; UPSTREAM_POINTERS_ONLY,PUBLIC_RELEASE; HUMAN_RELEASE_APPROVED
archive/review_history/cached_summaries/table27_label_granularity.csv,103,09307a3e712dbc975a391a43095980e69546f91c3de125a08c03d6b6b5253ebc,AUTHOR_CREATED_OR_DERIVED; UPSTREAM_POINTERS_ONLY,PUBLIC_RELEASE; HUMAN_RELEASE_APPROVED
archive/review_history/cached_summaries/table28_training_dynamics.csv,171,9946aa017f3d2a86e58fd9b3975928a99c48c5481530522b984cbdd4986f2365,AUTHOR_CREATED_OR_DERIVED; UPSTREAM_POINTERS_ONLY,PUBLIC_RELEASE; HUMAN_RELEASE_APPROVED
archive/review_history/cached_summaries/table29_epochwise_correlations.csv,360,3d821077bd3c3191d9c0531544eaa97c1b13c120883194957e9a7ae3d7b0a4d5,AUTHOR_CREATED_OR_DERIVED; UPSTREAM_POINTERS_ONLY,PUBLIC_RELEASE; HUMAN_RELEASE_APPROVED
archive/review_history/cached_summaries/table30_asset_provenance.csv,1106,0e0f3201b56a18137ca4838d6d419d89b5617b79b04c4046978d91bf2f1dc195,AUTHOR_CREATED_OR_DERIVED; UPSTREAM_POINTERS_ONLY,PUBLIC_RELEASE; HUMAN_RELEASE_APPROVED
archive/review_history/cached_summaries/threshold_sensitivity_summary.csv,1230,ada056d83f0e6be9b718eea10cc23bcde182521d04321af4e559b45d3ab9261d,AUTHOR_CREATED_OR_DERIVED; UPSTREAM_POINTERS_ONLY,PUBLIC_RELEASE; HUMAN_RELEASE_APPROVED
archive/review_history/rebuttal_addendum_20260727/ANONYMITY_AUDIT.json,1727,6af8d9e2bf9768123b8991bf9be77c0b5a69632811c62cf74c45da361dcb3b42,AUTHOR_CREATED_OR_DERIVED; UPSTREAM_POINTERS_ONLY,PUBLIC_RELEASE; HUMAN_RELEASE_APPROVED
archive/review_history/rebuttal_addendum_20260727/CHECKSUMS.sha256,7286,3e4bc894e1e78ddebe8570348c8ede67210fbc9aedb1d4d6f064a0a8ed72c224,AUTHOR_CREATED_OR_DERIVED; UPSTREAM_POINTERS_ONLY,PUBLIC_RELEASE; HUMAN_RELEASE_APPROVED
archive/review_history/rebuttal_addendum_20260727/EXCLUDED_FILES.md,720,f79bc4c05828b5feeaf3d1c738405d915caccf5f8d8db0bdc720c1fd4b5b32d1,AUTHOR_CREATED_OR_DERIVED; UPSTREAM_POINTERS_ONLY,PUBLIC_RELEASE; HUMAN_RELEASE_APPROVED
archive/review_history/rebuttal_addendum_20260727/PRE_ADDENDUM_COMMIT.txt,312,75ab4b5d92d0897a7ec18c306fc5c50a5b05dc66e6d3abeef2ad3a7355463344,AUTHOR_CREATED_OR_DERIVED; UPSTREAM_POINTERS_ONLY,PUBLIC_RELEASE; HUMAN_RELEASE_APPROVED
archive/review_history/rebuttal_addendum_20260727/README.md,1950,478ac702b084205ddf55379c54ebd23b2b66e02d5e6af4a3cfb34e55958155ae,AUTHOR_CREATED_OR_DERIVED; UPSTREAM_POINTERS_ONLY,PUBLIC_RELEASE; HUMAN_RELEASE_APPROVED
archive/review_history/rebuttal_addendum_20260727/REPRODUCTION_MATRIX.md,2843,cef26d7f9a54ac1f69b14774d49a0102ea87fa4cb96ee10bb3a63a5886195347,AUTHOR_CREATED_OR_DERIVED; UPSTREAM_POINTERS_ONLY,PUBLIC_RELEASE; HUMAN_RELEASE_APPROVED
archive/review_history/rebuttal_addendum_20260727/THIRD_PARTY_ATTRIBUTION.md,1823,70f57e9160da3cef84e777a17b7dce5a275ff946cd1008d4021b92ae1b78f843,AUTHOR_CREATED_OR_DERIVED; UPSTREAM_POINTERS_ONLY,PUBLIC_RELEASE; HUMAN_RELEASE_APPROVED
archive/review_history/rebuttal_addendum_20260727/UPLOAD_INVENTORY.csv,10505,a907b49f41ee9c335685da81f31ca7cc329c9513adedaeca4bc2d1d8c9775e65,AUTHOR_CREATED_OR_DERIVED; UPSTREAM_POINTERS_ONLY,PUBLIC_RELEASE; HUMAN_RELEASE_APPROVED
archive/review_history/rebuttal_addendum_20260727/cifar100_proxy_arrays/README.md,1230,3c42adee0fe92dd9acea53524e584ddb1737afbfa990e8bea638ab0cac749b1f,AUTHOR_CREATED_OR_DERIVED; UPSTREAM_POINTERS_ONLY,PUBLIC_RELEASE; HUMAN_RELEASE_APPROVED
archive/review_history/rebuttal_addendum_20260727/cifar100_proxy_arrays/arrays/convae_scores.npy,200128,517c34a137bbb63aa22d9754ad8ca3892c0a2075c4d3c732b6c386aa5065d8f2,AUTHOR_CREATED_OR_DERIVED; UPSTREAM_POINTERS_ONLY,PUBLIC_RELEASE; HUMAN_RELEASE_APPROVED
archive/review_history/rebuttal_addendum_20260727/cifar100_proxy_arrays/arrays/ddim_scores.npy,200128,9ba28caf194edf1e8f4602af8825f77e3cf31615c01a0deef2ff2392acb3b682,AUTHOR_CREATED_OR_DERIVED; UPSTREAM_POINTERS_ONLY,PUBLIC_RELEASE; HUMAN_RELEASE_APPROVED
archive/review_history/rebuttal_addendum_20260727/cifar100_proxy_arrays/arrays/ddpm_scores.npy,200128,c7ffeaba16c0c53e23ce15c631c065c70d3196a50be1286f830fd7ca0f15299c,AUTHOR_CREATED_OR_DERIVED; UPSTREAM_POINTERS_ONLY,PUBLIC_RELEASE; HUMAN_RELEASE_APPROVED
archive/review_history/rebuttal_addendum_20260727/cifar100_proxy_arrays/arrays/dinov2_scores.npy,200128,6281ef06cbb5209983b0d69cf048c853d542e9cf0c167db83bf38fd9940241da,AUTHOR_CREATED_OR_DERIVED; UPSTREAM_POINTERS_ONLY,PUBLIC_RELEASE; HUMAN_RELEASE_APPROVED
archive/review_history/rebuttal_addendum_20260727/cifar100_proxy_arrays/arrays/emu3_vq_scores.npy,200128,b3c2b51024231d17f72a004930579fa68f650c9e6336682a131c04cbb7be083a,AUTHOR_CREATED_OR_DERIVED; UPSTREAM_POINTERS_ONLY,PUBLIC_RELEASE; HUMAN_RELEASE_APPROVED
archive/review_history/rebuttal_addendum_20260727/cifar100_proxy_arrays/arrays/sd15_scores.npy,200128,8091e8cb7238eec4c3e67025f904b43025e95d711e176fdb76f977937163336c,AUTHOR_CREATED_OR_DERIVED; UPSTREAM_POINTERS_ONLY,PUBLIC_RELEASE; HUMAN_RELEASE_APPROVED
archive/review_history/rebuttal_addendum_20260727/cifar100_proxy_arrays/arrays/sdvae_scores.npy,200128,e774f5e5d1112ba983a4f568c74a7efa097302b5796c01cd7bec0144f7564e17,AUTHOR_CREATED_OR_DERIVED; UPSTREAM_POINTERS_ONLY,PUBLIC_RELEASE; HUMAN_RELEASE_APPROVED
archive/review_history/rebuttal_addendum_20260727/cifar100_proxy_arrays/checksums.sha256,2060,06229dd504f6d6f9d4b4082d1c0e61cc52785aebbc830a3b607f51f6686094d8,AUTHOR_CREATED_OR_DERIVED; UPSTREAM_POINTERS_ONLY,PUBLIC_RELEASE; HUMAN_RELEASE_APPROVED
archive/review_history/rebuttal_addendum_20260727/cifar100_proxy_arrays/manifests/convae_manifest.csv.gz,269209,f15188434923bf8b0c7764b2b3c31dbef61b409e96a0e62ff7ccb420723109b3,AUTHOR_CREATED_OR_DERIVED; UPSTREAM_POINTERS_ONLY,PUBLIC_RELEASE; HUMAN_RELEASE_APPROVED
archive/review_history/rebuttal_addendum_20260727/cifar100_proxy_arrays/manifests/ddim_manifest.csv.gz,258492,a91a786a6dce3255cb25bf13b70ccd794d8896fafee200ac390282f1e69178cd,AUTHOR_CREATED_OR_DERIVED; UPSTREAM_POINTERS_ONLY,PUBLIC_RELEASE; HUMAN_RELEASE_APPROVED
archive/review_history/rebuttal_addendum_20260727/cifar100_proxy_arrays/manifests/ddpm_manifest.csv.gz,258491,c2cf85a000b840921d4dd84fadbf6177c67e0fa586c31bbb29a981b403fa8049,AUTHOR_CREATED_OR_DERIVED; UPSTREAM_POINTERS_ONLY,PUBLIC_RELEASE; HUMAN_RELEASE_APPROVED
archive/review_history/rebuttal_addendum_20260727/cifar100_proxy_arrays/manifests/dinov2_manifest.csv.gz,269210,bf15f072cbdb181d0a87ff0f62444102162d2d09ea6674bffe9731c4f3176e6a,AUTHOR_CREATED_OR_DERIVED; UPSTREAM_POINTERS_ONLY,PUBLIC_RELEASE; HUMAN_RELEASE_APPROVED
archive/review_history/rebuttal_addendum_20260727/cifar100_proxy_arrays/manifests/emu3_vq_manifest.csv.gz,271865,f04a80c8a939f116484231d514b2912cd44ea49a127f04fbb9e82ff27fc1c355,AUTHOR_CREATED_OR_DERIVED; UPSTREAM_POINTERS_ONLY,PUBLIC_RELEASE; HUMAN_RELEASE_APPROVED
archive/review_history/rebuttal_addendum_20260727/cifar100_proxy_arrays/manifests/sd15_manifest.csv.gz,271858,94de93fa8287711f38ba20121bd3c29ba3ccbd9ab03afcaec795d32b4b8e89db,AUTHOR_CREATED_OR_DERIVED; UPSTREAM_POINTERS_ONLY,PUBLIC_RELEASE; HUMAN_RELEASE_APPROVED
archive/review_history/rebuttal_addendum_20260727/cifar100_proxy_arrays/manifests/sdvae_manifest.csv.gz,269211,e7882bb2987fe436edbc9543df12515131ad9e2816eed7614e446ab5964e59e3,AUTHOR_CREATED_OR_DERIVED; UPSTREAM_POINTERS_ONLY,PUBLIC_RELEASE; HUMAN_RELEASE_APPROVED
archive/review_history/rebuttal_addendum_20260727/cifar100_proxy_arrays/metadata/convae_metadata.json,1658,3febdd99c653a5e06dcca7a0a6ed06b69c7ceea7bff299ae06aad6fa1ff059fb,AUTHOR_CREATED_OR_DERIVED; UPSTREAM_POINTERS_ONLY,PUBLIC_RELEASE; HUMAN_RELEASE_APPROVED
archive/review_history/rebuttal_addendum_20260727/cifar100_proxy_arrays/metadata/ddim_metadata.json,1723,ac16d671832998ffba756594472a25d5a6a72922589a3661b7fc73075c192e9b,AUTHOR_CREATED_OR_DERIVED; UPSTREAM_POINTERS_ONLY,PUBLIC_RELEASE; HUMAN_RELEASE_APPROVED
archive/review_history/rebuttal_addendum_20260727/cifar100_proxy_arrays/metadata/ddpm_metadata.json,1668,023a3a4a28d72e67a3d455079225de3e4bccdfb3ecd02829fdc34aa4bdb59faf,AUTHOR_CREATED_OR_DERIVED; UPSTREAM_POINTERS_ONLY,PUBLIC_RELEASE; HUMAN_RELEASE_APPROVED
archive/review_history/rebuttal_addendum_20260727/cifar100_proxy_arrays/metadata/dinov2_metadata.json,1636,713a2f2c7de3e89d09c73e57a254ebd41a2da7f9b71ea9214a2a433287e18f35,AUTHOR_CREATED_OR_DERIVED; UPSTREAM_POINTERS_ONLY,PUBLIC_RELEASE; HUMAN_RELEASE_APPROVED
archive/review_history/rebuttal_addendum_20260727/cifar100_proxy_arrays/metadata/emu3_vq_metadata.json,1658,fe515fac3a912158b41a17707e05c5daf9b8a6b9d0592855d2f3fe4597d36b0c,AUTHOR_CREATED_OR_DERIVED; UPSTREAM_POINTERS_ONLY,PUBLIC_RELEASE; HUMAN_RELEASE_APPROVED
archive/review_history/rebuttal_addendum_20260727/cifar100_proxy_arrays/metadata/sd15_metadata.json,1691,cba4d748d37ae237ad046613041237eabf3322f1408f103b51b79845e25d56f5,AUTHOR_CREATED_OR_DERIVED; UPSTREAM_POINTERS_ONLY,PUBLIC_RELEASE; HUMAN_RELEASE_APPROVED
archive/review_history/rebuttal_addendum_20260727/cifar100_proxy_arrays/metadata/sdvae_metadata.json,1637,0a9bd43df19167cc40883a66e7ffbf9d503a3426e961078807f78a05d33db32b,AUTHOR_CREATED_OR_DERIVED; UPSTREAM_POINTERS_ONLY,PUBLIC_RELEASE; HUMAN_RELEASE_APPROVED
archive/review_history/rebuttal_addendum_20260727/dinov2_multibudget/README.md,842,976bdd68d9b73558bbb5b178d905483426be2ca2d9f65964ea892c0762d42269,AUTHOR_CREATED_OR_DERIVED; UPSTREAM_POINTERS_ONLY,PUBLIC_RELEASE; HUMAN_RELEASE_APPROVED
archive/review_history/rebuttal_addendum_20260727/dinov2_multibudget/configs/dinov2_multibudget_config.json,1606,d59706e65754222886d24b9df41e30f54624e812963ca34914f2278bc17bf21f,AUTHOR_CREATED_OR_DERIVED; UPSTREAM_POINTERS_ONLY,PUBLIC_RELEASE; HUMAN_RELEASE_APPROVED
archive/review_history/rebuttal_addendum_20260727/dinov2_multibudget/per_seed_results.csv,2136,b182df9099b759eff605b13df5d3afb13cd82f2e85cf71574f70f14e93d82f0a,AUTHOR_CREATED_OR_DERIVED; UPSTREAM_POINTERS_ONLY,PUBLIC_RELEASE; HUMAN_RELEASE_APPROVED
archive/review_history/rebuttal_addendum_20260727/dinov2_multibudget/reproduce_table.py,1586,31c1d59557aa8c06d210986549a799d4c0d61c6cfc990311583eadbda0904f92,AUTHOR_CREATED_OR_DERIVED; UPSTREAM_POINTERS_ONLY,PUBLIC_RELEASE; HUMAN_RELEASE_APPROVED
archive/review_history/rebuttal_addendum_20260727/dinov2_multibudget/selection_inventory.json,937,7b0df7614a9b6e9963112d267b2d47e09ec07ab2681a31becfd0db995a3dbd93,AUTHOR_CREATED_OR_DERIVED; UPSTREAM_POINTERS_ONLY,PUBLIC_RELEASE; HUMAN_RELEASE_APPROVED
archive/review_history/rebuttal_addendum_20260727/dinov2_multibudget/selections/cb_dino_hard_budget0.10_seed0.indices.npy,40128,d8ef5b3de4e32318d51349aa35d61c7444370542d997d87f3ee23071d50b18fc,AUTHOR_CREATED_OR_DERIVED; UPSTREAM_POINTERS_ONLY,PUBLIC_RELEASE; HUMAN_RELEASE_APPROVED
archive/review_history/rebuttal_addendum_20260727/dinov2_multibudget/selections/cb_dino_hard_budget0.10_seed1.indices.npy,40128,d8ef5b3de4e32318d51349aa35d61c7444370542d997d87f3ee23071d50b18fc,AUTHOR_CREATED_OR_DERIVED; UPSTREAM_POINTERS_ONLY,PUBLIC_RELEASE; HUMAN_RELEASE_APPROVED
archive/review_history/rebuttal_addendum_20260727/dinov2_multibudget/selections/cb_dino_hard_budget0.10_seed2.indices.npy,40128,d8ef5b3de4e32318d51349aa35d61c7444370542d997d87f3ee23071d50b18fc,AUTHOR_CREATED_OR_DERIVED; UPSTREAM_POINTERS_ONLY,PUBLIC_RELEASE; HUMAN_RELEASE_APPROVED
archive/review_history/rebuttal_addendum_20260727/dinov2_multibudget/selections/cb_random_budget0.10_seed0.indices.npy,40128,da0698b4627e06972ece568d823f09784bc2596ed583dea84965a3ba5cecc510,AUTHOR_CREATED_OR_DERIVED; UPSTREAM_POINTERS_ONLY,PUBLIC_RELEASE; HUMAN_RELEASE_APPROVED
archive/review_history/rebuttal_addendum_20260727/dinov2_multibudget/selections/cb_random_budget0.10_seed1.indices.npy,40128,d3e74cc8041b017d23290f918cd247c53383630bb9c4a586d0447ebacb8b4b66,AUTHOR_CREATED_OR_DERIVED; UPSTREAM_POINTERS_ONLY,PUBLIC_RELEASE; HUMAN_RELEASE_APPROVED
archive/review_history/rebuttal_addendum_20260727/dinov2_multibudget/selections/cb_random_budget0.10_seed2.indices.npy,40128,6d78245887bbcbf016d4cbe959d0d860a3754fb07c6750e2a6ff618b2c49bcb7,AUTHOR_CREATED_OR_DERIVED; UPSTREAM_POINTERS_ONLY,PUBLIC_RELEASE; HUMAN_RELEASE_APPROVED
archive/review_history/rebuttal_addendum_20260727/dinov2_multibudget/selections/checksums.sha256,1854,ae5a22e88abd1c8b1921751a640ad46d1ea1d1e2c84131ba7d1608ee030b16e5,AUTHOR_CREATED_OR_DERIVED; UPSTREAM_POINTERS_ONLY,PUBLIC_RELEASE; HUMAN_RELEASE_APPROVED
archive/review_history/rebuttal_addendum_20260727/dinov2_multibudget/selections/dino_hard_budget0.10.indices.npy,40128,07252432ed95dd1cda15273c60f0dde7a4d7b3eeba7207a75864662dd672a6d5,AUTHOR_CREATED_OR_DERIVED; UPSTREAM_POINTERS_ONLY,PUBLIC_RELEASE; HUMAN_RELEASE_APPROVED
archive/review_history/rebuttal_addendum_20260727/dinov2_multibudget/selections/dino_hard_budget0.30.indices.npy,120128,3b63956cc23bc2f8266602c40e4f862e65e31aed033187e0d9cd0f61c29f3ac0,AUTHOR_CREATED_OR_DERIVED; UPSTREAM_POINTERS_ONLY,PUBLIC_RELEASE; HUMAN_RELEASE_APPROVED
archive/review_history/rebuttal_addendum_20260727/dinov2_multibudget/selections/dino_hard_budget0.50.indices.npy,200128,60f3632c20884af6735ed99e878d49a4b6cc07830d48a2da0f0b842552f2d9ac,AUTHOR_CREATED_OR_DERIVED; UPSTREAM_POINTERS_ONLY,PUBLIC_RELEASE; HUMAN_RELEASE_APPROVED
archive/review_history/rebuttal_addendum_20260727/dinov2_multibudget/selections/random_budget0.10_seed0.indices.npy,40128,4a314a9e1082b353cbe8bea1df2deb82e16a7d95a5b7761650a8638266bf8570,AUTHOR_CREATED_OR_DERIVED; UPSTREAM_POINTERS_ONLY,PUBLIC_RELEASE; HUMAN_RELEASE_APPROVED
archive/review_history/rebuttal_addendum_20260727/dinov2_multibudget/selections/random_budget0.10_seed1.indices.npy,40128,b9681128946a2425232268fcd848d2c97c4bcff8e916d65b633c3de722b83ed3,AUTHOR_CREATED_OR_DERIVED; UPSTREAM_POINTERS_ONLY,PUBLIC_RELEASE; HUMAN_RELEASE_APPROVED
archive/review_history/rebuttal_addendum_20260727/dinov2_multibudget/selections/random_budget0.10_seed2.indices.npy,40128,5ef7520610eac5b8e950373e6c05f1a3a1bd9fea7e620c6d32f7279f01dd3bc7,AUTHOR_CREATED_OR_DERIVED; UPSTREAM_POINTERS_ONLY,PUBLIC_RELEASE; HUMAN_RELEASE_APPROVED
archive/review_history/rebuttal_addendum_20260727/dinov2_multibudget/selections/random_budget0.30_seed0.indices.npy,120128,768d317096179ff015225a688e215d3ce7048b161769037c7c4a3b7ad4ffa77e,AUTHOR_CREATED_OR_DERIVED; UPSTREAM_POINTERS_ONLY,PUBLIC_RELEASE; HUMAN_RELEASE_APPROVED
archive/review_history/rebuttal_addendum_20260727/dinov2_multibudget/selections/random_budget0.30_seed1.indices.npy,120128,bca366d6c40740cc8835bcbb74cb9893131419a8008212e737e8def292689fa9,AUTHOR_CREATED_OR_DERIVED; UPSTREAM_POINTERS_ONLY,PUBLIC_RELEASE; HUMAN_RELEASE_APPROVED
archive/review_history/rebuttal_addendum_20260727/dinov2_multibudget/selections/random_budget0.30_seed2.indices.npy,120128,8fea53fdc5cf568e7816804d17b3fda9dc36a3c73928fd61f894bdc06e22d909,AUTHOR_CREATED_OR_DERIVED; UPSTREAM_POINTERS_ONLY,PUBLIC_RELEASE; HUMAN_RELEASE_APPROVED
archive/review_history/rebuttal_addendum_20260727/dinov2_multibudget/selections/random_budget0.50_seed0.indices.npy,200128,034bf269ec5caa3397bc1682ada9fefb828592e39ed07ba755c54c06ebada217,AUTHOR_CREATED_OR_DERIVED; UPSTREAM_POINTERS_ONLY,PUBLIC_RELEASE; HUMAN_RELEASE_APPROVED
archive/review_history/rebuttal_addendum_20260727/dinov2_multibudget/selections/random_budget0.50_seed1.indices.npy,200128,7fc6df4df913f8f5be1cf6554ece37e7ad76aad77ffa8449ca9be20dfb8ccb8c,AUTHOR_CREATED_OR_DERIVED; UPSTREAM_POINTERS_ONLY,PUBLIC_RELEASE; HUMAN_RELEASE_APPROVED
archive/review_history/rebuttal_addendum_20260727/dinov2_multibudget/selections/random_budget0.50_seed2.indices.npy,200128,b0c5c35a8d74c29b14113d63031d03e82fca723fb20c3259aae3f8069d8bd929,AUTHOR_CREATED_OR_DERIVED; UPSTREAM_POINTERS_ONLY,PUBLIC_RELEASE; HUMAN_RELEASE_APPROVED
archive/review_history/rebuttal_addendum_20260727/dinov2_multibudget/summary.json,1469,5b65d57e181f85687cfd505378589de77fa2bdfb7c63369eb1e8afa59a6e7245,AUTHOR_CREATED_OR_DERIVED; UPSTREAM_POINTERS_ONLY,PUBLIC_RELEASE; HUMAN_RELEASE_APPROVED
archive/review_history/rebuttal_addendum_20260727/full_data_ordering/README.md,703,a50f860a0c82579c25ee6cf1eb357d890c71b2c333d297e56f9c15d403c69018,AUTHOR_CREATED_OR_DERIVED; UPSTREAM_POINTERS_ONLY,PUBLIC_RELEASE; HUMAN_RELEASE_APPROVED
archive/review_history/rebuttal_addendum_20260727/full_data_ordering/configs/order_config.json,1058,53f869b3d524517902b8a30b7ceaca95123b1697453d2e0c73c5f0f044656415,AUTHOR_CREATED_OR_DERIVED; UPSTREAM_POINTERS_ONLY,PUBLIC_RELEASE; HUMAN_RELEASE_APPROVED
archive/review_history/rebuttal_addendum_20260727/full_data_ordering/construct_blocked_order.py,1995,5989e690bb16d26d123e05253b9a818e7475923c15d6518e459a9be582a5fd78,AUTHOR_CREATED_OR_DERIVED; UPSTREAM_POINTERS_ONLY,PUBLIC_RELEASE; HUMAN_RELEASE_APPROVED
archive/review_history/rebuttal_addendum_20260727/full_data_ordering/ordering_metadata/bin_membership.csv.gz,258952,e1c2e7347a44ba4da1fa39e75f6bd1c1e43b7510e75144334c2909c02cff9266,AUTHOR_CREATED_OR_DERIVED; UPSTREAM_POINTERS_ONLY,PUBLIC_RELEASE; HUMAN_RELEASE_APPROVED
archive/review_history/rebuttal_addendum_20260727/full_data_ordering/ordering_metadata/bin_membership_summary.json,377,e17d6a3d6a00187a2bb127f82419b014460f49561219ac1dda831a5f5f4fb559,AUTHOR_CREATED_OR_DERIVED; UPSTREAM_POINTERS_ONLY,PUBLIC_RELEASE; HUMAN_RELEASE_APPROVED
archive/review_history/rebuttal_addendum_20260727/full_data_ordering/per_seed_results.csv,884,254bf32a28f43e2cee8ae0925c3938e3a6a2a5c4a4c1142a119f7f5be0fd111d,AUTHOR_CREATED_OR_DERIVED; UPSTREAM_POINTERS_ONLY,PUBLIC_RELEASE; HUMAN_RELEASE_APPROVED
archive/review_history/rebuttal_addendum_20260727/full_data_ordering/reproduce_statistics.py,2321,78cbb533a517e087632531439774ccc86ce9661b75d3c6999359b04463c09c5b,AUTHOR_CREATED_OR_DERIVED; UPSTREAM_POINTERS_ONLY,PUBLIC_RELEASE; HUMAN_RELEASE_APPROVED
archive/review_history/rebuttal_addendum_20260727/full_data_ordering/summary.json,962,71ca421baff39af3b6a07275cd9e92f6e1f8319b129cb8bf988b661c3b549d42,AUTHOR_CREATED_OR_DERIVED; UPSTREAM_POINTERS_ONLY,PUBLIC_RELEASE; HUMAN_RELEASE_APPROVED
archive/review_history/rebuttal_addendum_20260728_dinov2_clean_5seed/CHECKSUMS.sha256,3169,d442313434d4e341d065b1bd6e41c159748223a547ebf863d7400bd0e0aac660,AUTHOR_CREATED_OR_DERIVED; UPSTREAM_POINTERS_ONLY,PUBLIC_RELEASE; HUMAN_RELEASE_APPROVED
archive/review_history/rebuttal_addendum_20260728_dinov2_clean_5seed/HISTORICAL_RECORDS.md,538,90a2af966756ece000acaca359a16bd9e52da2c322c5592a1d9bc2f18cc4c2e4,AUTHOR_CREATED_OR_DERIVED; UPSTREAM_POINTERS_ONLY,PUBLIC_RELEASE; HUMAN_RELEASE_APPROVED
archive/review_history/rebuttal_addendum_20260728_dinov2_clean_5seed/LICENSE_SCOPE.md,460,7119890da0e151dfe78d738eea61eb21610eb36e72ed40b096e9efe4041bf3f2,AUTHOR_CREATED_OR_DERIVED; UPSTREAM_POINTERS_ONLY,PUBLIC_RELEASE; HUMAN_RELEASE_APPROVED
archive/review_history/rebuttal_addendum_20260728_dinov2_clean_5seed/README.md,1211,e3bf25fc6d6df630f39e3798a2e2c47f05f5c3ff0e78d9638588fe028e1f5fb2,AUTHOR_CREATED_OR_DERIVED; UPSTREAM_POINTERS_ONLY,PUBLIC_RELEASE; HUMAN_RELEASE_APPROVED
archive/review_history/rebuttal_addendum_20260728_dinov2_clean_5seed/REPRODUCTION_MATRIX.md,1334,4e5fb3e9904fc4f8be726e8c88396d8fd2fef816a6f90ede2e362ea358683231,AUTHOR_CREATED_OR_DERIVED; UPSTREAM_POINTERS_ONLY,PUBLIC_RELEASE; HUMAN_RELEASE_APPROVED
archive/review_history/rebuttal_addendum_20260728_dinov2_clean_5seed/UPLOAD_INVENTORY.csv,4606,affc0800a56ddcf7a7a478a87dfc7c8950cbf5ccb9648490b6d88d0b01eaf123,AUTHOR_CREATED_OR_DERIVED; UPSTREAM_POINTERS_ONLY,PUBLIC_RELEASE; HUMAN_RELEASE_APPROVED
archive/review_history/rebuttal_addendum_20260728_dinov2_clean_5seed/provenance/HISTORICAL_ROUNDED_RECORDS_NOT_USED.txt,150,69037ed2fa4da3312ae57108ef8f02b5f30c8aab609a9b8da66e5c959c084715,AUTHOR_CREATED_OR_DERIVED; UPSTREAM_POINTERS_ONLY,PUBLIC_RELEASE; HUMAN_RELEASE_APPROVED
archive/review_history/rebuttal_addendum_20260728_dinov2_clean_5seed/provenance/README.md,1020,cfc65bc318355988701e48e752991e9a3b6a4035e4b6a0e3c667ed9a9a9a75cf,AUTHOR_CREATED_OR_DERIVED; UPSTREAM_POINTERS_ONLY,PUBLIC_RELEASE; HUMAN_RELEASE_APPROVED
archive/review_history/rebuttal_addendum_20260728_dinov2_clean_5seed/provenance/command_inventory.tsv,4763,07e3ed54f8db60da386b7883c19b1d3174f80ff383898da870711f6e1045ba7c,AUTHOR_CREATED_OR_DERIVED; UPSTREAM_POINTERS_ONLY,PUBLIC_RELEASE; HUMAN_RELEASE_APPROVED
archive/review_history/rebuttal_addendum_20260728_dinov2_clean_5seed/provenance/initial_state_hashes_seed012.tsv,530,2f09186e800ec144cb147dba033b2f51219bdd2d571c3757310953502e003232,AUTHOR_CREATED_OR_DERIVED; UPSTREAM_POINTERS_ONLY,PUBLIC_RELEASE; HUMAN_RELEASE_APPROVED
archive/review_history/rebuttal_addendum_20260728_dinov2_clean_5seed/provenance/initial_state_hashes_seed34_status.tsv,318,188be3fa09e446aaf006db846cb0a0c1570970f1245097e2fa60d24d92291ca1,AUTHOR_CREATED_OR_DERIVED; UPSTREAM_POINTERS_ONLY,PUBLIC_RELEASE; HUMAN_RELEASE_APPROVED
archive/review_history/rebuttal_addendum_20260728_dinov2_clean_5seed/provenance/run_inventory_sanitized.json,614,608e8db9f8edf4a4c1a3a0bf0099b5f46fc016ff564ea4c275f800f34f2b9d88,AUTHOR_CREATED_OR_DERIVED; UPSTREAM_POINTERS_ONLY,PUBLIC_RELEASE; HUMAN_RELEASE_APPROVED
archive/review_history/rebuttal_addendum_20260728_dinov2_clean_5seed/provenance/runner_and_config_hashes.tsv,370,18f75d9123d6fdbc9fd703a3e5e009f98cde1b585bfbee1b6bbc2b2f3d6d286d,AUTHOR_CREATED_OR_DERIVED; UPSTREAM_POINTERS_ONLY,PUBLIC_RELEASE; HUMAN_RELEASE_APPROVED
archive/review_history/rebuttal_addendum_20260728_dinov2_clean_5seed/reproduction/reproduce_clean_statistics.py,1006,bb5f006bf636cc86d4a6b1bbb53c782051d8d66b32fa9b8153e2603279bc7619,AUTHOR_CREATED_OR_DERIVED; UPSTREAM_POINTERS_ONLY,PUBLIC_RELEASE; HUMAN_RELEASE_APPROVED
archive/review_history/rebuttal_addendum_20260728_dinov2_clean_5seed/selectors/ordinary10_hard_seed0.indices.npy,40128,07252432ed95dd1cda15273c60f0dde7a4d7b3eeba7207a75864662dd672a6d5,AUTHOR_CREATED_OR_DERIVED; UPSTREAM_POINTERS_ONLY,PUBLIC_RELEASE; HUMAN_RELEASE_APPROVED
archive/review_history/rebuttal_addendum_20260728_dinov2_clean_5seed/selectors/ordinary10_hard_seed1.indices.npy,40128,07252432ed95dd1cda15273c60f0dde7a4d7b3eeba7207a75864662dd672a6d5,AUTHOR_CREATED_OR_DERIVED; UPSTREAM_POINTERS_ONLY,PUBLIC_RELEASE; HUMAN_RELEASE_APPROVED
archive/review_history/rebuttal_addendum_20260728_dinov2_clean_5seed/selectors/ordinary10_hard_seed2.indices.npy,40128,07252432ed95dd1cda15273c60f0dde7a4d7b3eeba7207a75864662dd672a6d5,AUTHOR_CREATED_OR_DERIVED; UPSTREAM_POINTERS_ONLY,PUBLIC_RELEASE; HUMAN_RELEASE_APPROVED
archive/review_history/rebuttal_addendum_20260728_dinov2_clean_5seed/selectors/ordinary10_hard_seed3.indices.npy,40128,07252432ed95dd1cda15273c60f0dde7a4d7b3eeba7207a75864662dd672a6d5,AUTHOR_CREATED_OR_DERIVED; UPSTREAM_POINTERS_ONLY,PUBLIC_RELEASE; HUMAN_RELEASE_APPROVED
archive/review_history/rebuttal_addendum_20260728_dinov2_clean_5seed/selectors/ordinary10_hard_seed4.indices.npy,40128,07252432ed95dd1cda15273c60f0dde7a4d7b3eeba7207a75864662dd672a6d5,AUTHOR_CREATED_OR_DERIVED; UPSTREAM_POINTERS_ONLY,PUBLIC_RELEASE; HUMAN_RELEASE_APPROVED
archive/review_history/rebuttal_addendum_20260728_dinov2_clean_5seed/selectors/ordinary10_random_seed0.indices.npy,40128,4a314a9e1082b353cbe8bea1df2deb82e16a7d95a5b7761650a8638266bf8570,AUTHOR_CREATED_OR_DERIVED; UPSTREAM_POINTERS_ONLY,PUBLIC_RELEASE; HUMAN_RELEASE_APPROVED
archive/review_history/rebuttal_addendum_20260728_dinov2_clean_5seed/selectors/ordinary10_random_seed1.indices.npy,40128,b9681128946a2425232268fcd848d2c97c4bcff8e916d65b633c3de722b83ed3,AUTHOR_CREATED_OR_DERIVED; UPSTREAM_POINTERS_ONLY,PUBLIC_RELEASE; HUMAN_RELEASE_APPROVED
archive/review_history/rebuttal_addendum_20260728_dinov2_clean_5seed/selectors/ordinary10_random_seed2.indices.npy,40128,5ef7520610eac5b8e950373e6c05f1a3a1bd9fea7e620c6d32f7279f01dd3bc7,AUTHOR_CREATED_OR_DERIVED; UPSTREAM_POINTERS_ONLY,PUBLIC_RELEASE; HUMAN_RELEASE_APPROVED
archive/review_history/rebuttal_addendum_20260728_dinov2_clean_5seed/selectors/ordinary10_random_seed3.indices.npy,40128,f10e28f5071c6aba120d48f777b753deeb66ad6cdf0e4929114cf990213dee00,AUTHOR_CREATED_OR_DERIVED; UPSTREAM_POINTERS_ONLY,PUBLIC_RELEASE; HUMAN_RELEASE_APPROVED
archive/review_history/rebuttal_addendum_20260728_dinov2_clean_5seed/selectors/ordinary10_random_seed4.indices.npy,40128,2a721c00352463934c6cae5f814a98a500e3282e628ef1f830757abc1d49b2ca,AUTHOR_CREATED_OR_DERIVED; UPSTREAM_POINTERS_ONLY,PUBLIC_RELEASE; HUMAN_RELEASE_APPROVED
archive/review_history/rebuttal_addendum_20260728_dinov2_clean_5seed/selectors/selector_hashes.tsv,1599,2888fed626015df5ed192a105a31f1630937c538dc406d0fda24e106788032ab,AUTHOR_CREATED_OR_DERIVED; UPSTREAM_POINTERS_ONLY,PUBLIC_RELEASE; HUMAN_RELEASE_APPROVED
archive/review_history/rebuttal_addendum_20260728_dinov2_clean_5seed/statistics/dino_final_clean_5seed_validation.md,456,b31f2e4e4043f2c3082c916255e000637b35a75274c2bbc34a94976d54b44b72,AUTHOR_CREATED_OR_DERIVED; UPSTREAM_POINTERS_ONLY,PUBLIC_RELEASE; HUMAN_RELEASE_APPROVED
archive/review_history/rebuttal_addendum_20260728_dinov2_clean_5seed/statistics/dinov2_clean_5seed_all_conditions.csv,1757,528566cdbcd659ce729e16e6dd85102278282984850acfb057e24e8f7462ff4a,AUTHOR_CREATED_OR_DERIVED; UPSTREAM_POINTERS_ONLY,PUBLIC_RELEASE; HUMAN_RELEASE_APPROVED
archive/review_history/rebuttal_addendum_20260728_dinov2_clean_5seed/statistics/dinov2_clean_5seed_all_conditions.json,3835,5f3b511d4909b7fe16919be17ec9c0157567d5d2c5a8a9bd871d8fe547b1225c,AUTHOR_CREATED_OR_DERIVED; UPSTREAM_POINTERS_ONLY,PUBLIC_RELEASE; HUMAN_RELEASE_APPROVED
archive/review_history/rebuttal_addendum_20260728_dinov2_clean_5seed/statistics/ordinary10_clean_5seed_seed_level.csv,2138,24ec720b9463d25f642af0155c2c4be3e02180790cd65d82e3f347fc90861711,AUTHOR_CREATED_OR_DERIVED; UPSTREAM_POINTERS_ONLY,PUBLIC_RELEASE; HUMAN_RELEASE_APPROVED
archive/review_history/rebuttal_addendum_20260728_dinov2_clean_5seed/statistics/ordinary10_clean_5seed_statistics.json,865,1e1f08f4b8f8694d549ce73ffc9df89237c119ef49424725296c449434ed48ff,AUTHOR_CREATED_OR_DERIVED; UPSTREAM_POINTERS_ONLY,PUBLIC_RELEASE; HUMAN_RELEASE_APPROVED
archive/review_history/rebuttal_addendum_20260728_dinov2_clean_5seed/statistics/ordinary10_clean_5seed_statistics.md,492,30f395cb0c7c62f0ecbd9c912b7b79003b4e583adbc626801187b9b90329278f,AUTHOR_CREATED_OR_DERIVED; UPSTREAM_POINTERS_ONLY,PUBLIC_RELEASE; HUMAN_RELEASE_APPROVED
archive/review_history/rebuttal_addendum_20260729_imagenet1k_gate3/ANONYMITY_AUDIT.json,332,3e3bdcde3e41fb9e1f4923695226a1c63615c9b263d13ab56c8afdd898e69017,AUTHOR_CREATED_OR_DERIVED; UPSTREAM_POINTERS_ONLY,PUBLIC_RELEASE; HUMAN_RELEASE_APPROVED
archive/review_history/rebuttal_addendum_20260729_imagenet1k_gate3/CHECKPOINT_POLICY_AUDIT.md,1558,d6f16398102cab328dfe9576328790bcf0db72b48565d31cdbb20be2050ffe8f,AUTHOR_CREATED_OR_DERIVED; UPSTREAM_POINTERS_ONLY,PUBLIC_RELEASE; HUMAN_RELEASE_APPROVED
archive/review_history/rebuttal_addendum_20260729_imagenet1k_gate3/CHECKSUMS.sha256,1065,050d5b21f08182ee5cddfef290517de14cbfe8feacb441f20be81bc8e999ab4b,AUTHOR_CREATED_OR_DERIVED; UPSTREAM_POINTERS_ONLY,PUBLIC_RELEASE; HUMAN_RELEASE_APPROVED
archive/review_history/rebuttal_addendum_20260729_imagenet1k_gate3/FINAL_STATISTICS.json,3022,6ab2ae7a8100fb42df2f0a1aff13b59e993945a60ab8f299bab254ecfab2efdd,AUTHOR_CREATED_OR_DERIVED; UPSTREAM_POINTERS_ONLY,PUBLIC_RELEASE; HUMAN_RELEASE_APPROVED
archive/review_history/rebuttal_addendum_20260729_imagenet1k_gate3/LICENSE_SCOPE.md,655,4a48b0fbc6de6ed1e5c31953c1fb6c265cfc9c99f68da05fe29ed0df49f27842,AUTHOR_CREATED_OR_DERIVED; UPSTREAM_POINTERS_ONLY,PUBLIC_RELEASE; HUMAN_RELEASE_APPROVED
archive/review_history/rebuttal_addendum_20260729_imagenet1k_gate3/README.md,1176,c84fbb4f577a269ebb50ff18ffbe5f592c4516fba896129c9860fab0be835a53,AUTHOR_CREATED_OR_DERIVED; UPSTREAM_POINTERS_ONLY,PUBLIC_RELEASE; HUMAN_RELEASE_APPROVED
archive/review_history/rebuttal_addendum_20260729_imagenet1k_gate3/REPRODUCTION_MATRIX.md,635,465586cc336c6cd7a10a0d01a0144924ead572fc6ddb21899adde52c1c7092a3,AUTHOR_CREATED_OR_DERIVED; UPSTREAM_POINTERS_ONLY,PUBLIC_RELEASE; HUMAN_RELEASE_APPROVED
archive/review_history/rebuttal_addendum_20260729_imagenet1k_gate3/RUN_INVENTORY.csv,2666,5e59e8cae884db22d6b1c64ff47ee3a7edc27a1043f5fcaab2059395a41625dd,AUTHOR_CREATED_OR_DERIVED; UPSTREAM_POINTERS_ONLY,PUBLIC_RELEASE; HUMAN_RELEASE_APPROVED
archive/review_history/rebuttal_addendum_20260729_imagenet1k_gate3/SCORE_ALIGNMENT.md,557,b0a3f1743ab28a7e1b54e9322423339a5ffe09f910272589753be73c8ca81344,AUTHOR_CREATED_OR_DERIVED; UPSTREAM_POINTERS_ONLY,PUBLIC_RELEASE; HUMAN_RELEASE_APPROVED
archive/review_history/rebuttal_addendum_20260729_imagenet1k_gate3/SEED_LEVEL_RESULTS.csv,981,5d01f0767d3b62ec0ce2fd0423d54bf97dcf0e859be3049e1b2a68107f494721,AUTHOR_CREATED_OR_DERIVED; UPSTREAM_POINTERS_ONLY,PUBLIC_RELEASE; HUMAN_RELEASE_APPROVED
archive/review_history/rebuttal_addendum_20260729_imagenet1k_gate3/VALIDATION_REPORT.md,1667,6685399920ee7ff225d98061eef26da6181051e08d9876d0ab5910983fc20d0f,AUTHOR_CREATED_OR_DERIVED; UPSTREAM_POINTERS_ONLY,PUBLIC_RELEASE; HUMAN_RELEASE_APPROVED
archive/review_history/rebuttal_addendum_20260729_imagenet1k_gate3/imagenet1k_gate3_source_of_truth.json,25711,616408629a3d3e16cc7768d5e54a4316708feeb6497a6b2b206647962023f8ab,AUTHOR_CREATED_OR_DERIVED; UPSTREAM_POINTERS_ONLY,PUBLIC_RELEASE; HUMAN_RELEASE_APPROVED
archive/review_history/rebuttal_addendum_20260729_imagenet1k_gate3/reproduction/verify_statistics.py,1298,1fa3ff853db89449d834f61ffc75d3070d87d5372d9b9129054e30714adc3271,AUTHOR_CREATED_OR_DERIVED; UPSTREAM_POINTERS_ONLY,PUBLIC_RELEASE; HUMAN_RELEASE_APPROVED
checkpoints/ARCHIVE_CONTENTS.csv,44032,b2fdc1c11c28b9089905366baa8dabee56d11dc7ab544ce30b53df8b6ceb58eb,AUTHOR_CREATED_OR_DERIVED; UPSTREAM_POINTERS_ONLY,PUBLIC_RELEASE; HUMAN_RELEASE_APPROVED
checkpoints/MANIFEST.csv,193817,4792e10ecdedf26cbee8a10f1e42ffd240163a5142d8ba7e23cd420b0a39fbf2,AUTHOR_CREATED_OR_DERIVED; UPSTREAM_POINTERS_ONLY,PUBLIC_RELEASE; HUMAN_RELEASE_APPROVED
checkpoints/NONAUTHORITATIVE_NINE.csv,1518,16c144835ba290990ffc1699487a158806bfd6b305c05caa71e16b8a8d6bc696,AUTHOR_CREATED_OR_DERIVED; UPSTREAM_POINTERS_ONLY,PUBLIC_RELEASE; HUMAN_RELEASE_APPROVED
checkpoints/PROPOSED_ASSETS.csv,70299,90fb4e5bdff23540963e7761de73c817569bfec4fc5feaa0b30b83cdd6feda60,AUTHOR_CREATED_OR_DERIVED; UPSTREAM_POINTERS_ONLY,PUBLIC_RELEASE; HUMAN_RELEASE_APPROVED
checkpoints/README.md,4862,084d41a26138e963a4407f3d65d793b15f559d820e2287022f89209fa5915e09,AUTHOR_CREATED_OR_DERIVED; UPSTREAM_POINTERS_ONLY,PUBLIC_RELEASE; HUMAN_RELEASE_APPROVED
checkpoints/RELEASE_ARCHIVES_MANIFEST.csv,3161,9984573193e20d7598a415b8cb4331b0a991decb204e672a3b780eee2b90ff9a,AUTHOR_CREATED_OR_DERIVED; UPSTREAM_POINTERS_ONLY,PUBLIC_RELEASE; HUMAN_RELEASE_APPROVED
checkpoints/SHA256SUMS.txt,29118,97956d0beb803a41860f9458611e2911d3b410d9da4a8dea871bb67cb94d5a2a,AUTHOR_CREATED_OR_DERIVED; UPSTREAM_POINTERS_ONLY,PUBLIC_RELEASE; HUMAN_RELEASE_APPROVED
checkpoints/VALIDATION_SUMMARY.json,510,d093610182ba05870f1b79fb6fb32943d58145756a30fcc448f11538db616d97,AUTHOR_CREATED_OR_DERIVED; UPSTREAM_POINTERS_ONLY,PUBLIC_RELEASE; HUMAN_RELEASE_APPROVED
checkpoints/VERIFIED_RELEASE_CANDIDATES.csv,112790,6b4f2bfa7c76b4ffa0954752f57ec603c44be159092c245dd883fe3c16e8a4c1,AUTHOR_CREATED_OR_DERIVED; UPSTREAM_POINTERS_ONLY,PUBLIC_RELEASE; HUMAN_RELEASE_APPROVED
configs/cifar100_dataset_specific_proxy/manifest.json,619,8ffdeaf96c4d02718fd131f0bbc2f56bd1a440485ab0a57453c02f9abddaae02,AUTHOR_CREATED_OR_DERIVED; UPSTREAM_POINTERS_ONLY,PUBLIC_RELEASE; HUMAN_RELEASE_APPROVED
configs/dinov2_representation_stress/manifest.json,821,65f5a6ec02253c0256d2dc97b17063256077551d9f51a6eea749318288012e09,AUTHOR_CREATED_OR_DERIVED; UPSTREAM_POINTERS_ONLY,PUBLIC_RELEASE; HUMAN_RELEASE_APPROVED
configs/imagenet1k_vae_gate3/proxy_hard_seed0.json,1390,6f13022faf955750d028614efee1fd4dd5edd77574389a09a81a68cf8538e687,AUTHOR_CREATED_OR_DERIVED; UPSTREAM_POINTERS_ONLY,PUBLIC_RELEASE; HUMAN_RELEASE_APPROVED
configs/imagenet1k_vae_gate3/proxy_hard_seed1.json,1389,286c751bf75d4ef9d3823deb8a8f20ba2c1c425b83e2966ee4c77b24467b81cb,AUTHOR_CREATED_OR_DERIVED; UPSTREAM_POINTERS_ONLY,PUBLIC_RELEASE; HUMAN_RELEASE_APPROVED
configs/imagenet1k_vae_gate3/proxy_hard_seed2.json,1390,edb71134027e757ea24b7c0e947c2380e5c211ed67327a148fe16fc236db4bbb,AUTHOR_CREATED_OR_DERIVED; UPSTREAM_POINTERS_ONLY,PUBLIC_RELEASE; HUMAN_RELEASE_APPROVED
configs/imagenet1k_vae_gate3/proxy_hard_seed3.json,1390,1a9a56b21c465919fc90628ff85cd27f7d21afc7618095b27389efb585577ee7,AUTHOR_CREATED_OR_DERIVED; UPSTREAM_POINTERS_ONLY,PUBLIC_RELEASE; HUMAN_RELEASE_APPROVED
configs/imagenet1k_vae_gate3/proxy_hard_seed4.json,1390,0d784e3b6b0c8556ddd4a6da62ac92d18a7393ce12e11ef1f6d54c53004bdea5,AUTHOR_CREATED_OR_DERIVED; UPSTREAM_POINTERS_ONLY,PUBLIC_RELEASE; HUMAN_RELEASE_APPROVED
configs/imagenet1k_vae_gate3/random_seed0.json,1371,9c9c241e572a2cbf90ea6adf5ee25e33dd8143df127ae8db26219de28c5e8868,AUTHOR_CREATED_OR_DERIVED; UPSTREAM_POINTERS_ONLY,PUBLIC_RELEASE; HUMAN_RELEASE_APPROVED
configs/imagenet1k_vae_gate3/random_seed1.json,1371,7ff7c4c35d1ac5b3787e3e63f349bae7111095e2730057134abfb78904f67852,AUTHOR_CREATED_OR_DERIVED; UPSTREAM_POINTERS_ONLY,PUBLIC_RELEASE; HUMAN_RELEASE_APPROVED
configs/imagenet1k_vae_gate3/random_seed2.json,1371,8e303146871ba7b1c4ba084c5470d06ed17a7ba080abc3a74ea11105f9d30f80,AUTHOR_CREATED_OR_DERIVED; UPSTREAM_POINTERS_ONLY,PUBLIC_RELEASE; HUMAN_RELEASE_APPROVED
configs/imagenet1k_vae_gate3/random_seed3.json,1371,17680acc9b920a7d4caf4926a0c198444ae417b389095c4cdfde1952717bc4c6,AUTHOR_CREATED_OR_DERIVED; UPSTREAM_POINTERS_ONLY,PUBLIC_RELEASE; HUMAN_RELEASE_APPROVED
configs/imagenet1k_vae_gate3/random_seed4.json,1371,d645eda8e9f5025e52ab984071cf1e45c4dd83184def3673018beb67418d4375,AUTHOR_CREATED_OR_DERIVED; UPSTREAM_POINTERS_ONLY,PUBLIC_RELEASE; HUMAN_RELEASE_APPROVED
configs/w5_predictive_power_fast/predictive_power_manifest.json,1537,034b98b4a7ea773517876e7cce071d75dec6860bee153d1cfb6a410d141b1da7,AUTHOR_CREATED_OR_DERIVED; UPSTREAM_POINTERS_ONLY,PUBLIC_RELEASE; HUMAN_RELEASE_APPROVED
derived_scalar_arrays/README.md,1959,2d6ac1a592044b24ba54b75093bbb89e8b93ef7f9769cefdd06aaf16d43e1ec1,AUTHOR_CREATED_OR_DERIVED; UPSTREAM_POINTERS_ONLY,PUBLIC_RELEASE; HUMAN_RELEASE_APPROVED
derived_scalar_arrays/cifar100/arrays/convae_scores.npy,200128,517c34a137bbb63aa22d9754ad8ca3892c0a2075c4d3c732b6c386aa5065d8f2,AUTHOR_CREATED_OR_DERIVED; UPSTREAM_POINTERS_ONLY,PUBLIC_RELEASE; HUMAN_RELEASE_APPROVED
derived_scalar_arrays/cifar100/arrays/ddim_scores.npy,200128,9ba28caf194edf1e8f4602af8825f77e3cf31615c01a0deef2ff2392acb3b682,AUTHOR_CREATED_OR_DERIVED; UPSTREAM_POINTERS_ONLY,PUBLIC_RELEASE; HUMAN_RELEASE_APPROVED
derived_scalar_arrays/cifar100/arrays/ddpm_scores.npy,200128,c7ffeaba16c0c53e23ce15c631c065c70d3196a50be1286f830fd7ca0f15299c,AUTHOR_CREATED_OR_DERIVED; UPSTREAM_POINTERS_ONLY,PUBLIC_RELEASE; HUMAN_RELEASE_APPROVED
derived_scalar_arrays/cifar100/arrays/dinov2_scores.npy,200128,6281ef06cbb5209983b0d69cf048c853d542e9cf0c167db83bf38fd9940241da,AUTHOR_CREATED_OR_DERIVED; UPSTREAM_POINTERS_ONLY,PUBLIC_RELEASE; HUMAN_RELEASE_APPROVED
derived_scalar_arrays/cifar100/arrays/emu3_vq_scores.npy,200128,b3c2b51024231d17f72a004930579fa68f650c9e6336682a131c04cbb7be083a,AUTHOR_CREATED_OR_DERIVED; UPSTREAM_POINTERS_ONLY,PUBLIC_RELEASE; HUMAN_RELEASE_APPROVED
derived_scalar_arrays/cifar100/arrays/sd15_scores.npy,200128,8091e8cb7238eec4c3e67025f904b43025e95d711e176fdb76f977937163336c,AUTHOR_CREATED_OR_DERIVED; UPSTREAM_POINTERS_ONLY,PUBLIC_RELEASE; HUMAN_RELEASE_APPROVED
derived_scalar_arrays/cifar100/arrays/sdvae_scores.npy,200128,e774f5e5d1112ba983a4f568c74a7efa097302b5796c01cd7bec0144f7564e17,AUTHOR_CREATED_OR_DERIVED; UPSTREAM_POINTERS_ONLY,PUBLIC_RELEASE; HUMAN_RELEASE_APPROVED
derived_scalar_arrays/cifar100/checksums.sha256,2060,06229dd504f6d6f9d4b4082d1c0e61cc52785aebbc830a3b607f51f6686094d8,AUTHOR_CREATED_OR_DERIVED; UPSTREAM_POINTERS_ONLY,PUBLIC_RELEASE; HUMAN_RELEASE_APPROVED
derived_scalar_arrays/cifar100/manifests/convae_manifest.csv.gz,269209,f15188434923bf8b0c7764b2b3c31dbef61b409e96a0e62ff7ccb420723109b3,AUTHOR_CREATED_OR_DERIVED; UPSTREAM_POINTERS_ONLY,PUBLIC_RELEASE; HUMAN_RELEASE_APPROVED
derived_scalar_arrays/cifar100/manifests/ddim_manifest.csv.gz,258492,a91a786a6dce3255cb25bf13b70ccd794d8896fafee200ac390282f1e69178cd,AUTHOR_CREATED_OR_DERIVED; UPSTREAM_POINTERS_ONLY,PUBLIC_RELEASE; HUMAN_RELEASE_APPROVED
derived_scalar_arrays/cifar100/manifests/ddpm_manifest.csv.gz,258491,c2cf85a000b840921d4dd84fadbf6177c67e0fa586c31bbb29a981b403fa8049,AUTHOR_CREATED_OR_DERIVED; UPSTREAM_POINTERS_ONLY,PUBLIC_RELEASE; HUMAN_RELEASE_APPROVED
derived_scalar_arrays/cifar100/manifests/dinov2_manifest.csv.gz,269210,bf15f072cbdb181d0a87ff0f62444102162d2d09ea6674bffe9731c4f3176e6a,AUTHOR_CREATED_OR_DERIVED; UPSTREAM_POINTERS_ONLY,PUBLIC_RELEASE; HUMAN_RELEASE_APPROVED
derived_scalar_arrays/cifar100/manifests/emu3_vq_manifest.csv.gz,271865,f04a80c8a939f116484231d514b2912cd44ea49a127f04fbb9e82ff27fc1c355,AUTHOR_CREATED_OR_DERIVED; UPSTREAM_POINTERS_ONLY,PUBLIC_RELEASE; HUMAN_RELEASE_APPROVED
derived_scalar_arrays/cifar100/manifests/sd15_manifest.csv.gz,271858,94de93fa8287711f38ba20121bd3c29ba3ccbd9ab03afcaec795d32b4b8e89db,AUTHOR_CREATED_OR_DERIVED; UPSTREAM_POINTERS_ONLY,PUBLIC_RELEASE; HUMAN_RELEASE_APPROVED
derived_scalar_arrays/cifar100/manifests/sdvae_manifest.csv.gz,269211,e7882bb2987fe436edbc9543df12515131ad9e2816eed7614e446ab5964e59e3,AUTHOR_CREATED_OR_DERIVED; UPSTREAM_POINTERS_ONLY,PUBLIC_RELEASE; HUMAN_RELEASE_APPROVED
derived_scalar_arrays/cifar100/metadata/convae_metadata.json,1658,3febdd99c653a5e06dcca7a0a6ed06b69c7ceea7bff299ae06aad6fa1ff059fb,AUTHOR_CREATED_OR_DERIVED; UPSTREAM_POINTERS_ONLY,PUBLIC_RELEASE; HUMAN_RELEASE_APPROVED
derived_scalar_arrays/cifar100/metadata/ddim_metadata.json,1723,ac16d671832998ffba756594472a25d5a6a72922589a3661b7fc73075c192e9b,AUTHOR_CREATED_OR_DERIVED; UPSTREAM_POINTERS_ONLY,PUBLIC_RELEASE; HUMAN_RELEASE_APPROVED
derived_scalar_arrays/cifar100/metadata/ddpm_metadata.json,1668,023a3a4a28d72e67a3d455079225de3e4bccdfb3ecd02829fdc34aa4bdb59faf,AUTHOR_CREATED_OR_DERIVED; UPSTREAM_POINTERS_ONLY,PUBLIC_RELEASE; HUMAN_RELEASE_APPROVED
derived_scalar_arrays/cifar100/metadata/dinov2_metadata.json,1636,713a2f2c7de3e89d09c73e57a254ebd41a2da7f9b71ea9214a2a433287e18f35,AUTHOR_CREATED_OR_DERIVED; UPSTREAM_POINTERS_ONLY,PUBLIC_RELEASE; HUMAN_RELEASE_APPROVED
derived_scalar_arrays/cifar100/metadata/emu3_vq_metadata.json,1658,fe515fac3a912158b41a17707e05c5daf9b8a6b9d0592855d2f3fe4597d36b0c,AUTHOR_CREATED_OR_DERIVED; UPSTREAM_POINTERS_ONLY,PUBLIC_RELEASE; HUMAN_RELEASE_APPROVED
derived_scalar_arrays/cifar100/metadata/sd15_metadata.json,1691,cba4d748d37ae237ad046613041237eabf3322f1408f103b51b79845e25d56f5,AUTHOR_CREATED_OR_DERIVED; UPSTREAM_POINTERS_ONLY,PUBLIC_RELEASE; HUMAN_RELEASE_APPROVED
derived_scalar_arrays/cifar100/metadata/sdvae_metadata.json,1637,0a9bd43df19167cc40883a66e7ffbf9d503a3426e961078807f78a05d33db32b,AUTHOR_CREATED_OR_DERIVED; UPSTREAM_POINTERS_ONLY,PUBLIC_RELEASE; HUMAN_RELEASE_APPROVED
derived_scalar_arrays/cifar100_ce_targets.csv,1564812,ab9c80480ad483bc7dc87b34ece038f6e4eaadf0de92cb9413a2e1baf80b63c1,AUTHOR_CREATED_OR_DERIVED; UPSTREAM_POINTERS_ONLY,PUBLIC_RELEASE; HUMAN_RELEASE_APPROVED
derived_scalar_arrays/cifar100_ddim_proxy_scores.csv,1937230,9249482f2bafc1abf912fcee54974fa38e7d0be6867c4e57f54f55b4dcd99015,AUTHOR_CREATED_OR_DERIVED; UPSTREAM_POINTERS_ONLY,PUBLIC_RELEASE; HUMAN_RELEASE_APPROVED
derived_scalar_arrays/cifar100_dinov2_proxy_scores.csv,1783353,b15cfa2a93421b522077e243f5b995f4146eced15b1567e0f0f079c475c2bc82,AUTHOR_CREATED_OR_DERIVED; UPSTREAM_POINTERS_ONLY,PUBLIC_RELEASE; HUMAN_RELEASE_APPROVED
derived_scalar_arrays/cifar100_first_learning_targets.csv,1885941,bba39e4d3cba7577b88244d8f129e8f19b1446aec557aaf728e28d0b0e93eadf,AUTHOR_CREATED_OR_DERIVED; UPSTREAM_POINTERS_ONLY,PUBLIC_RELEASE; HUMAN_RELEASE_APPROVED
derived_scalar_arrays/cifar100_scalar_audit_arrays.csv,6369353,c1462f5a984a16f20563b8a2a6193cbb2dd7cc20dee5a8d1e85217a6c08467a9,AUTHOR_CREATED_OR_DERIVED; UPSTREAM_POINTERS_ONLY,PUBLIC_RELEASE; HUMAN_RELEASE_APPROVED
derived_scalar_arrays/cifar100_split_ids.csv,628907,e1a03ad4d4a89bb9e54d0c7a014a166b6031940856cb41267f0e6740137b60b5,AUTHOR_CREATED_OR_DERIVED; UPSTREAM_POINTERS_ONLY,PUBLIC_RELEASE; HUMAN_RELEASE_APPROVED
derived_scalar_arrays/manifest.json,3150,abee1c5ccf9f66cdba9b9ea2af73d8384eada229e7b28a99dd5f8f583be4d726,AUTHOR_CREATED_OR_DERIVED; UPSTREAM_POINTERS_ONLY,PUBLIC_RELEASE; HUMAN_RELEASE_APPROVED
derived_scalar_arrays/schema.json,2878,60095598543dd3674b7fe9127266fe34e691acfe7c85c0a0f55b43e16274a160,AUTHOR_CREATED_OR_DERIVED; UPSTREAM_POINTERS_ONLY,PUBLIC_RELEASE; HUMAN_RELEASE_APPROVED
docs/CLAIM_TIER_GUIDE.md,1548,1b88057b805ced4885cc227ea99ba6b4a0f779c788509818d18e48a284a1ad39,AUTHOR_CREATED_OR_DERIVED; UPSTREAM_POINTERS_ONLY,PUBLIC_RELEASE; HUMAN_RELEASE_APPROVED
docs/ENVIRONMENTS.md,1383,eab52b811c583e89f704c807a08cb8dc7451448d01d6de87cb100c62358eb473,AUTHOR_CREATED_OR_DERIVED; UPSTREAM_POINTERS_ONLY,PUBLIC_RELEASE; HUMAN_RELEASE_APPROVED
docs/FAQ.md,965,08f103736cb4cdbd469d71d772a432e4d3c3dd1ca80f2e419488a936628c1931,AUTHOR_CREATED_OR_DERIVED; UPSTREAM_POINTERS_ONLY,PUBLIC_RELEASE; HUMAN_RELEASE_APPROVED
docs/PAPER_TABLE_FIGURE_MAP.csv,6910,85b8dfa81a9f6e7bacb336a5ad6d42534b364960b636e9f5d02aa2ec945982be,AUTHOR_CREATED_OR_DERIVED; UPSTREAM_POINTERS_ONLY,PUBLIC_RELEASE; HUMAN_RELEASE_APPROVED
docs/RELEASE_RECORD.md,1884,24708d57e58fc989206d6d1ce17e4b4844a6721fcb2e7e29edb409069415636a,AUTHOR_CREATED_OR_DERIVED; UPSTREAM_POINTERS_ONLY,PUBLIC_RELEASE; HUMAN_RELEASE_APPROVED
docs/REPRODUCIBILITY.md,879,ae08ccf1aa9085b67ebe9b903c48cc700dea59e3498b3445392e7f416bb8a9ea,AUTHOR_CREATED_OR_DERIVED; UPSTREAM_POINTERS_ONLY,PUBLIC_RELEASE; HUMAN_RELEASE_APPROVED
docs/REPRODUCTION_MATRIX.md,4067,581f143ec94b8973bd4644900a90e4346a32922433ed1ec1be571316dde5e284,AUTHOR_CREATED_OR_DERIVED; UPSTREAM_POINTERS_ONLY,PUBLIC_RELEASE; HUMAN_RELEASE_APPROVED
docs/REQUIREMENTS_VALIDATION.md,2441,fcc3fed418932897ea27c463d8b9f06ef60cd2924297d2b1812d9d916a5e6880,AUTHOR_CREATED_OR_DERIVED; UPSTREAM_POINTERS_ONLY,PUBLIC_RELEASE; HUMAN_RELEASE_APPROVED
environment-imagenet.yml,295,efde777af0acf212554d419e08c82b8e6a53f31f91b3afbcfd63d52a353f85b7,AUTHOR_CREATED_OR_DERIVED; UPSTREAM_POINTERS_ONLY,PUBLIC_RELEASE; HUMAN_RELEASE_APPROVED
examples/toy_proxy_scores.csv,193,1b40e881d2e065970a9a2f39932d028e9f16ed0b31a5108058a585b3152f0976,AUTHOR_CREATED_OR_DERIVED; UPSTREAM_POINTERS_ONLY,PUBLIC_RELEASE; HUMAN_RELEASE_APPROVED
examples/toy_split_ids.csv,100,79ae83d99f654ec76fb5d1ef80eab641b5a07fa6e437333de4f8d0b35f253982,AUTHOR_CREATED_OR_DERIVED; UPSTREAM_POINTERS_ONLY,PUBLIC_RELEASE; HUMAN_RELEASE_APPROVED
examples/toy_target_scores.csv,203,877aaee259b6cc38e3068d4a48fbde7e59d2466b4e3ce0ad5c983a0badea8ee2,AUTHOR_CREATED_OR_DERIVED; UPSTREAM_POINTERS_ONLY,PUBLIC_RELEASE; HUMAN_RELEASE_APPROVED
examples/toy_transfer_results.csv,184,2280b7f9e4573471aafaba5b8cd6d7ab37b2777dff0bbe30b66771b399e30e81,AUTHOR_CREATED_OR_DERIVED; UPSTREAM_POINTERS_ONLY,PUBLIC_RELEASE; HUMAN_RELEASE_APPROVED
experiments/analysis/analyze_epochwise_dynamics.py,4160,bd73175b2faa9678b024a2858f913ecc9806d4a7bdbbae39090648b6aa7df972,AUTHOR_CREATED_OR_DERIVED; UPSTREAM_POINTERS_ONLY,PUBLIC_RELEASE; HUMAN_RELEASE_APPROVED
experiments/analysis/analyze_granularity.py,0,e3b0c44298fc1c149afbf4c8996fb92427ae41e4649b934ca495991b7852b855,AUTHOR_CREATED_OR_DERIVED; UPSTREAM_POINTERS_ONLY,PUBLIC_RELEASE; HUMAN_RELEASE_APPROVED
experiments/analysis/audit_driver.py,42375,a319a1ad6d93fd001dd64428e6ef214fd7da8290fc87ecda095639112479c314,AUTHOR_CREATED_OR_DERIVED; UPSTREAM_POINTERS_ONLY,PUBLIC_RELEASE; HUMAN_RELEASE_APPROVED
experiments/analysis/hsic_test.py,7831,04efd4eb2137280dbded135efe9334876bc1a30b3d516d4ad0072db7da4b4ab4,AUTHOR_CREATED_OR_DERIVED; UPSTREAM_POINTERS_ONLY,PUBLIC_RELEASE; HUMAN_RELEASE_APPROVED
experiments/analysis/run_predictive_power_fast.py,10183,31ea57d8006657dc39d0f30135a881e61731eeb042a0701abfca9c18b14df465,AUTHOR_CREATED_OR_DERIVED; UPSTREAM_POINTERS_ONLY,PUBLIC_RELEASE; HUMAN_RELEASE_APPROVED
experiments/analysis/run_training_dynamics.py,9026,98cf83c5c3edb92c9aebac433fc95ab6b4c05bd41778f49f53c115c4d346fc45,AUTHOR_CREATED_OR_DERIVED; UPSTREAM_POINTERS_ONLY,PUBLIC_RELEASE; HUMAN_RELEASE_APPROVED
experiments/cifar100/alpha_mix_baseline.py,13567,e837b6b402ec08832e2045039bfe860de8abb54bd296f2c9b3e7175a75719300,AUTHOR_CREATED_OR_DERIVED; UPSTREAM_POINTERS_ONLY,PUBLIC_RELEASE; HUMAN_RELEASE_APPROVED
experiments/cifar100/run_cifar100_dataset_specific_ae_proxy.py,14070,f265d37e9932a8f0a5dde3869f2a32fe370b2d3a869df29c4c7d6bde5e0a4f13,AUTHOR_CREATED_OR_DERIVED; UPSTREAM_POINTERS_ONLY,PUBLIC_RELEASE; HUMAN_RELEASE_APPROVED
experiments/cifar100/run_cifar100_second_learner_transfer.py,10717,87d9f44d0e2c21849c2b7f594e4e3d0c280c6b8ccb0b3d421c87d148e896396a,AUTHOR_CREATED_OR_DERIVED; UPSTREAM_POINTERS_ONLY,PUBLIC_RELEASE; HUMAN_RELEASE_APPROVED
experiments/cifar100/run_w3_balanced_control_job.py,7156,9404637fe73f356ff448e746cbc1ed05b7ad21221d22ba3993e763dde94320c2,AUTHOR_CREATED_OR_DERIVED; UPSTREAM_POINTERS_ONLY,PUBLIC_RELEASE; HUMAN_RELEASE_APPROVED
experiments/cifar100/run_w3_coreset_baseline.py,4050,d86016c786cde0123fd6dd40d591ccfc23dc7942a52dc35a0ff88f5e85583dfe,AUTHOR_CREATED_OR_DERIVED; UPSTREAM_POINTERS_ONLY,PUBLIC_RELEASE; HUMAN_RELEASE_APPROVED
experiments/cifar100/run_w3_uncertainty_baseline.py,3909,db32b665034211b32a0bdbf68b3017122e5914466a0674c64858d786961f989d,AUTHOR_CREATED_OR_DERIVED; UPSTREAM_POINTERS_ONLY,PUBLIC_RELEASE; HUMAN_RELEASE_APPROVED
experiments/controls/positive_task_aligned_control.py,11974,f77bad370b18a8e09a1207483b4d52ff86438e24af2735e6bc3d46c51b78701e,AUTHOR_CREATED_OR_DERIVED; UPSTREAM_POINTERS_ONLY,PUBLIC_RELEASE; HUMAN_RELEASE_APPROVED
experiments/ddpm_ordering/README.md,520,38bee300ca9119cf050864544aadcf2e040c3ac7d1282d017ed071af34fd3b05,AUTHOR_CREATED_OR_DERIVED; UPSTREAM_POINTERS_ONLY,PUBLIC_RELEASE; HUMAN_RELEASE_APPROVED
experiments/ddpm_ordering/configs/order_config.json,1058,53f869b3d524517902b8a30b7ceaca95123b1697453d2e0c73c5f0f044656415,AUTHOR_CREATED_OR_DERIVED; UPSTREAM_POINTERS_ONLY,PUBLIC_RELEASE; HUMAN_RELEASE_APPROVED
experiments/ddpm_ordering/construct_blocked_order.py,1995,5989e690bb16d26d123e05253b9a818e7475923c15d6518e459a9be582a5fd78,AUTHOR_CREATED_OR_DERIVED; UPSTREAM_POINTERS_ONLY,PUBLIC_RELEASE; HUMAN_RELEASE_APPROVED
experiments/ddpm_ordering/ordering_metadata/bin_membership.csv.gz,258952,e1c2e7347a44ba4da1fa39e75f6bd1c1e43b7510e75144334c2909c02cff9266,AUTHOR_CREATED_OR_DERIVED; UPSTREAM_POINTERS_ONLY,PUBLIC_RELEASE; HUMAN_RELEASE_APPROVED
experiments/ddpm_ordering/ordering_metadata/bin_membership_summary.json,377,e17d6a3d6a00187a2bb127f82419b014460f49561219ac1dda831a5f5f4fb559,AUTHOR_CREATED_OR_DERIVED; UPSTREAM_POINTERS_ONLY,PUBLIC_RELEASE; HUMAN_RELEASE_APPROVED
experiments/ddpm_ordering/per_seed_results.csv,884,254bf32a28f43e2cee8ae0925c3938e3a6a2a5c4a4c1142a119f7f5be0fd111d,AUTHOR_CREATED_OR_DERIVED; UPSTREAM_POINTERS_ONLY,PUBLIC_RELEASE; HUMAN_RELEASE_APPROVED
experiments/ddpm_ordering/reproduce_statistics.py,2321,78cbb533a517e087632531439774ccc86ce9661b75d3c6999359b04463c09c5b,AUTHOR_CREATED_OR_DERIVED; UPSTREAM_POINTERS_ONLY,PUBLIC_RELEASE; HUMAN_RELEASE_APPROVED
experiments/ddpm_ordering/run_curriculum_with_weights.py,7745,76ea6eb370edb6ffe7142d888872d33a92c3c505dd1575e225bb2d94e7b9163b,AUTHOR_CREATED_OR_DERIVED; UPSTREAM_POINTERS_ONLY,PUBLIC_RELEASE; HUMAN_RELEASE_APPROVED
experiments/ddpm_ordering/summary.json,962,71ca421baff39af3b6a07275cd9e92f6e1f8319b129cb8bf988b661c3b549d42,AUTHOR_CREATED_OR_DERIVED; UPSTREAM_POINTERS_ONLY,PUBLIC_RELEASE; HUMAN_RELEASE_APPROVED
experiments/dinov2_gate3/CHECKSUMS.sha256,3169,d442313434d4e341d065b1bd6e41c159748223a547ebf863d7400bd0e0aac660,AUTHOR_CREATED_OR_DERIVED; UPSTREAM_POINTERS_ONLY,PUBLIC_RELEASE; HUMAN_RELEASE_APPROVED
experiments/dinov2_gate3/HISTORICAL_RECORDS.md,540,96f165364d17f39d0917c84a7631f2c4b0ac370a919435464681299d84ee7a3d,AUTHOR_CREATED_OR_DERIVED; UPSTREAM_POINTERS_ONLY,PUBLIC_RELEASE; HUMAN_RELEASE_APPROVED
experiments/dinov2_gate3/LICENSE_SCOPE.md,460,7119890da0e151dfe78d738eea61eb21610eb36e72ed40b096e9efe4041bf3f2,AUTHOR_CREATED_OR_DERIVED; UPSTREAM_POINTERS_ONLY,PUBLIC_RELEASE; HUMAN_RELEASE_APPROVED
experiments/dinov2_gate3/README.md,533,7c3eebcf56ee09be750ff270a76921cf15d0cbb530c2ae06ed6efbf1f14df9f9,AUTHOR_CREATED_OR_DERIVED; UPSTREAM_POINTERS_ONLY,PUBLIC_RELEASE; HUMAN_RELEASE_APPROVED
experiments/dinov2_gate3/REPRODUCTION_MATRIX.md,1334,4e5fb3e9904fc4f8be726e8c88396d8fd2fef816a6f90ede2e362ea358683231,AUTHOR_CREATED_OR_DERIVED; UPSTREAM_POINTERS_ONLY,PUBLIC_RELEASE; HUMAN_RELEASE_APPROVED
experiments/dinov2_gate3/UPLOAD_INVENTORY.csv,4606,affc0800a56ddcf7a7a478a87dfc7c8950cbf5ccb9648490b6d88d0b01eaf123,AUTHOR_CREATED_OR_DERIVED; UPSTREAM_POINTERS_ONLY,PUBLIC_RELEASE; HUMAN_RELEASE_APPROVED
experiments/dinov2_gate3/provenance/HISTORICAL_ROUNDED_RECORDS_NOT_USED.txt,150,69037ed2fa4da3312ae57108ef8f02b5f30c8aab609a9b8da66e5c959c084715,AUTHOR_CREATED_OR_DERIVED; UPSTREAM_POINTERS_ONLY,PUBLIC_RELEASE; HUMAN_RELEASE_APPROVED
experiments/dinov2_gate3/provenance/command_inventory.tsv,4763,07e3ed54f8db60da386b7883c19b1d3174f80ff383898da870711f6e1045ba7c,AUTHOR_CREATED_OR_DERIVED; UPSTREAM_POINTERS_ONLY,PUBLIC_RELEASE; HUMAN_RELEASE_APPROVED
experiments/dinov2_gate3/provenance/initial_state_hashes_seed012.tsv,530,2f09186e800ec144cb147dba033b2f51219bdd2d571c3757310953502e003232,AUTHOR_CREATED_OR_DERIVED; UPSTREAM_POINTERS_ONLY,PUBLIC_RELEASE; HUMAN_RELEASE_APPROVED
experiments/dinov2_gate3/provenance/initial_state_hashes_seed34_status.tsv,318,188be3fa09e446aaf006db846cb0a0c1570970f1245097e2fa60d24d92291ca1,AUTHOR_CREATED_OR_DERIVED; UPSTREAM_POINTERS_ONLY,PUBLIC_RELEASE; HUMAN_RELEASE_APPROVED
experiments/dinov2_gate3/provenance/run_inventory_sanitized.json,614,608e8db9f8edf4a4c1a3a0bf0099b5f46fc016ff564ea4c275f800f34f2b9d88,AUTHOR_CREATED_OR_DERIVED; UPSTREAM_POINTERS_ONLY,PUBLIC_RELEASE; HUMAN_RELEASE_APPROVED
experiments/dinov2_gate3/provenance/runner_and_config_hashes.tsv,370,18f75d9123d6fdbc9fd703a3e5e009f98cde1b585bfbee1b6bbc2b2f3d6d286d,AUTHOR_CREATED_OR_DERIVED; UPSTREAM_POINTERS_ONLY,PUBLIC_RELEASE; HUMAN_RELEASE_APPROVED
experiments/dinov2_gate3/reproduction/reproduce_clean_statistics.py,1006,bb5f006bf636cc86d4a6b1bbb53c782051d8d66b32fa9b8153e2603279bc7619,AUTHOR_CREATED_OR_DERIVED; UPSTREAM_POINTERS_ONLY,PUBLIC_RELEASE; HUMAN_RELEASE_APPROVED
experiments/dinov2_gate3/run_dinov2_gate3_transfer.py,14831,6e3fe70672d72da870a7901d73e34d39f36247ce0d48f29acb9c7dd117d65721,AUTHOR_CREATED_OR_DERIVED; UPSTREAM_POINTERS_ONLY,PUBLIC_RELEASE; HUMAN_RELEASE_APPROVED
experiments/dinov2_gate3/run_dinov2_stress_test.py,23993,cfa8d51a9225edd91ae6791f11898fb9439f2ee647ce1f9543d9960e6a84c5b0,AUTHOR_CREATED_OR_DERIVED; UPSTREAM_POINTERS_ONLY,PUBLIC_RELEASE; HUMAN_RELEASE_APPROVED
experiments/dinov2_gate3/selectors/ordinary10_hard_seed0.indices.npy,40128,07252432ed95dd1cda15273c60f0dde7a4d7b3eeba7207a75864662dd672a6d5,AUTHOR_CREATED_OR_DERIVED; UPSTREAM_POINTERS_ONLY,PUBLIC_RELEASE; HUMAN_RELEASE_APPROVED
experiments/dinov2_gate3/selectors/ordinary10_hard_seed1.indices.npy,40128,07252432ed95dd1cda15273c60f0dde7a4d7b3eeba7207a75864662dd672a6d5,AUTHOR_CREATED_OR_DERIVED; UPSTREAM_POINTERS_ONLY,PUBLIC_RELEASE; HUMAN_RELEASE_APPROVED
experiments/dinov2_gate3/selectors/ordinary10_hard_seed2.indices.npy,40128,07252432ed95dd1cda15273c60f0dde7a4d7b3eeba7207a75864662dd672a6d5,AUTHOR_CREATED_OR_DERIVED; UPSTREAM_POINTERS_ONLY,PUBLIC_RELEASE; HUMAN_RELEASE_APPROVED
experiments/dinov2_gate3/selectors/ordinary10_hard_seed3.indices.npy,40128,07252432ed95dd1cda15273c60f0dde7a4d7b3eeba7207a75864662dd672a6d5,AUTHOR_CREATED_OR_DERIVED; UPSTREAM_POINTERS_ONLY,PUBLIC_RELEASE; HUMAN_RELEASE_APPROVED
experiments/dinov2_gate3/selectors/ordinary10_hard_seed4.indices.npy,40128,07252432ed95dd1cda15273c60f0dde7a4d7b3eeba7207a75864662dd672a6d5,AUTHOR_CREATED_OR_DERIVED; UPSTREAM_POINTERS_ONLY,PUBLIC_RELEASE; HUMAN_RELEASE_APPROVED
experiments/dinov2_gate3/selectors/ordinary10_random_seed0.indices.npy,40128,4a314a9e1082b353cbe8bea1df2deb82e16a7d95a5b7761650a8638266bf8570,AUTHOR_CREATED_OR_DERIVED; UPSTREAM_POINTERS_ONLY,PUBLIC_RELEASE; HUMAN_RELEASE_APPROVED
experiments/dinov2_gate3/selectors/ordinary10_random_seed1.indices.npy,40128,b9681128946a2425232268fcd848d2c97c4bcff8e916d65b633c3de722b83ed3,AUTHOR_CREATED_OR_DERIVED; UPSTREAM_POINTERS_ONLY,PUBLIC_RELEASE; HUMAN_RELEASE_APPROVED
experiments/dinov2_gate3/selectors/ordinary10_random_seed2.indices.npy,40128,5ef7520610eac5b8e950373e6c05f1a3a1bd9fea7e620c6d32f7279f01dd3bc7,AUTHOR_CREATED_OR_DERIVED; UPSTREAM_POINTERS_ONLY,PUBLIC_RELEASE; HUMAN_RELEASE_APPROVED
experiments/dinov2_gate3/selectors/ordinary10_random_seed3.indices.npy,40128,f10e28f5071c6aba120d48f777b753deeb66ad6cdf0e4929114cf990213dee00,AUTHOR_CREATED_OR_DERIVED; UPSTREAM_POINTERS_ONLY,PUBLIC_RELEASE; HUMAN_RELEASE_APPROVED
experiments/dinov2_gate3/selectors/ordinary10_random_seed4.indices.npy,40128,2a721c00352463934c6cae5f814a98a500e3282e628ef1f830757abc1d49b2ca,AUTHOR_CREATED_OR_DERIVED; UPSTREAM_POINTERS_ONLY,PUBLIC_RELEASE; HUMAN_RELEASE_APPROVED
experiments/dinov2_gate3/selectors/selector_hashes.tsv,1599,2888fed626015df5ed192a105a31f1630937c538dc406d0fda24e106788032ab,AUTHOR_CREATED_OR_DERIVED; UPSTREAM_POINTERS_ONLY,PUBLIC_RELEASE; HUMAN_RELEASE_APPROVED
experiments/dinov2_gate3/statistics/dino_final_clean_5seed_validation.md,456,b31f2e4e4043f2c3082c916255e000637b35a75274c2bbc34a94976d54b44b72,AUTHOR_CREATED_OR_DERIVED; UPSTREAM_POINTERS_ONLY,PUBLIC_RELEASE; HUMAN_RELEASE_APPROVED
experiments/dinov2_gate3/statistics/dinov2_clean_5seed_all_conditions.csv,1757,528566cdbcd659ce729e16e6dd85102278282984850acfb057e24e8f7462ff4a,AUTHOR_CREATED_OR_DERIVED; UPSTREAM_POINTERS_ONLY,PUBLIC_RELEASE; HUMAN_RELEASE_APPROVED
experiments/dinov2_gate3/statistics/dinov2_clean_5seed_all_conditions.json,3835,5f3b511d4909b7fe16919be17ec9c0157567d5d2c5a8a9bd871d8fe547b1225c,AUTHOR_CREATED_OR_DERIVED; UPSTREAM_POINTERS_ONLY,PUBLIC_RELEASE; HUMAN_RELEASE_APPROVED
experiments/dinov2_gate3/statistics/ordinary10_clean_5seed_seed_level.csv,2138,24ec720b9463d25f642af0155c2c4be3e02180790cd65d82e3f347fc90861711,AUTHOR_CREATED_OR_DERIVED; UPSTREAM_POINTERS_ONLY,PUBLIC_RELEASE; HUMAN_RELEASE_APPROVED
experiments/dinov2_gate3/statistics/ordinary10_clean_5seed_statistics.json,865,1e1f08f4b8f8694d549ce73ffc9df89237c119ef49424725296c449434ed48ff,AUTHOR_CREATED_OR_DERIVED; UPSTREAM_POINTERS_ONLY,PUBLIC_RELEASE; HUMAN_RELEASE_APPROVED
experiments/dinov2_gate3/statistics/ordinary10_clean_5seed_statistics.md,492,30f395cb0c7c62f0ecbd9c912b7b79003b4e583adbc626801187b9b90329278f,AUTHOR_CREATED_OR_DERIVED; UPSTREAM_POINTERS_ONLY,PUBLIC_RELEASE; HUMAN_RELEASE_APPROVED
experiments/imagenet10/run_imagenette_transfer_minimal.py,8219,57a2946b90fdf2d14d23fdc8acd4987dba477601438b09f402affc1b33de41dc,AUTHOR_CREATED_OR_DERIVED; UPSTREAM_POINTERS_ONLY,PUBLIC_RELEASE; HUMAN_RELEASE_APPROVED
experiments/imagenet10/score_imagenette_train_targets.py,6237,462deeb6b07f4854aec9e6ebee40a92e0cbe533608bba30429ebbb63e564e08d,AUTHOR_CREATED_OR_DERIVED; UPSTREAM_POINTERS_ONLY,PUBLIC_RELEASE; HUMAN_RELEASE_APPROVED
experiments/imagenet1k_vae_gate3/CHECKPOINT_POLICY_AUDIT.md,1558,d6f16398102cab328dfe9576328790bcf0db72b48565d31cdbb20be2050ffe8f,AUTHOR_CREATED_OR_DERIVED; UPSTREAM_POINTERS_ONLY,PUBLIC_RELEASE; HUMAN_RELEASE_APPROVED
experiments/imagenet1k_vae_gate3/CHECKSUMS.sha256,1065,050d5b21f08182ee5cddfef290517de14cbfe8feacb441f20be81bc8e999ab4b,AUTHOR_CREATED_OR_DERIVED; UPSTREAM_POINTERS_ONLY,PUBLIC_RELEASE; HUMAN_RELEASE_APPROVED
experiments/imagenet1k_vae_gate3/FINAL_STATISTICS.json,3022,6ab2ae7a8100fb42df2f0a1aff13b59e993945a60ab8f299bab254ecfab2efdd,AUTHOR_CREATED_OR_DERIVED; UPSTREAM_POINTERS_ONLY,PUBLIC_RELEASE; HUMAN_RELEASE_APPROVED
experiments/imagenet1k_vae_gate3/LICENSE_SCOPE.md,698,631fcd3892a67ac03ad44729c5ac699ccfe9bc7ac1facd8ff1fd7d7a580dcad7,AUTHOR_CREATED_OR_DERIVED; UPSTREAM_POINTERS_ONLY,PUBLIC_RELEASE; HUMAN_RELEASE_APPROVED
experiments/imagenet1k_vae_gate3/README.md,653,d6d0dfb51a7d5ff73e23d9f5e2cd7463eb2cb449aa9c4948c08c5afc4d5c8e20,AUTHOR_CREATED_OR_DERIVED; UPSTREAM_POINTERS_ONLY,PUBLIC_RELEASE; HUMAN_RELEASE_APPROVED
experiments/imagenet1k_vae_gate3/REPRODUCTION_MATRIX.md,783,237c9ce0197b0549fca74d963ff5fbbbdc31c7d8e999ba7e88e6a306088096f3,AUTHOR_CREATED_OR_DERIVED; UPSTREAM_POINTERS_ONLY,PUBLIC_RELEASE; HUMAN_RELEASE_APPROVED
experiments/imagenet1k_vae_gate3/RUN_INVENTORY.csv,2666,5e59e8cae884db22d6b1c64ff47ee3a7edc27a1043f5fcaab2059395a41625dd,AUTHOR_CREATED_OR_DERIVED; UPSTREAM_POINTERS_ONLY,PUBLIC_RELEASE; HUMAN_RELEASE_APPROVED
experiments/imagenet1k_vae_gate3/SCORE_ALIGNMENT.md,557,b0a3f1743ab28a7e1b54e9322423339a5ffe09f910272589753be73c8ca81344,AUTHOR_CREATED_OR_DERIVED; UPSTREAM_POINTERS_ONLY,PUBLIC_RELEASE; HUMAN_RELEASE_APPROVED
experiments/imagenet1k_vae_gate3/SEED_LEVEL_RESULTS.csv,981,5d01f0767d3b62ec0ce2fd0423d54bf97dcf0e859be3049e1b2a68107f494721,AUTHOR_CREATED_OR_DERIVED; UPSTREAM_POINTERS_ONLY,PUBLIC_RELEASE; HUMAN_RELEASE_APPROVED
experiments/imagenet1k_vae_gate3/VALIDATION_REPORT.md,1667,6685399920ee7ff225d98061eef26da6181051e08d9876d0ab5910983fc20d0f,AUTHOR_CREATED_OR_DERIVED; UPSTREAM_POINTERS_ONLY,PUBLIC_RELEASE; HUMAN_RELEASE_APPROVED
experiments/imagenet1k_vae_gate3/build_vae_selections_20260727.py,6163,f8a26a5177925f1695955561ad26049d3c833565b0686844e949921c5aab51ad,AUTHOR_CREATED_OR_DERIVED; UPSTREAM_POINTERS_ONLY,PUBLIC_RELEASE; HUMAN_RELEASE_APPROVED
experiments/imagenet1k_vae_gate3/imagenet1k_gate3_source_of_truth.json,25711,616408629a3d3e16cc7768d5e54a4316708feeb6497a6b2b206647962023f8ab,AUTHOR_CREATED_OR_DERIVED; UPSTREAM_POINTERS_ONLY,PUBLIC_RELEASE; HUMAN_RELEASE_APPROVED
experiments/imagenet1k_vae_gate3/reproduction/verify_statistics.py,1298,1fa3ff853db89449d834f61ffc75d3070d87d5372d9b9129054e30714adc3271,AUTHOR_CREATED_OR_DERIVED; UPSTREAM_POINTERS_ONLY,PUBLIC_RELEASE; HUMAN_RELEASE_APPROVED
experiments/imagenet1k_vae_gate3/score_train_vae_full_20260727.py,7198,84184c84ada75afd39f54dfe37f37762732aff2fa39f3179e171107401114936,AUTHOR_CREATED_OR_DERIVED; UPSTREAM_POINTERS_ONLY,PUBLIC_RELEASE; HUMAN_RELEASE_APPROVED
experiments/imagenet1k_vae_gate3/train_resnet18_gate3_20260727.py,9989,79ad0ba74464bb27c0bb62cf65fb65d7625df01d159ec8098c773cb81bc6c36b,AUTHOR_CREATED_OR_DERIVED; UPSTREAM_POINTERS_ONLY,PUBLIC_RELEASE; HUMAN_RELEASE_APPROVED
experiments/imagenet1k_vae_gate3/train_resnet18_timing_pilot_20260727.py,9235,7f550f274dbf6cfa616a9604c42c6f19ad0fd2d48cf3040021a57de1ed81d649,AUTHOR_CREATED_OR_DERIVED; UPSTREAM_POINTERS_ONLY,PUBLIC_RELEASE; HUMAN_RELEASE_APPROVED
experiments/scoring/README.md,471,fef59e1567238a24f6c4101a2e43564fe837668232eda87466e8330c59e15bce,AUTHOR_CREATED_OR_DERIVED; UPSTREAM_POINTERS_ONLY,PUBLIC_RELEASE; HUMAN_RELEASE_APPROVED
experiments/scoring/clip_semantic_proxy.py,11797,32761cd834903ec489738b6d4170d118850da9efba960302ee5c8c0c60208652,AUTHOR_CREATED_OR_DERIVED; UPSTREAM_POINTERS_ONLY,PUBLIC_RELEASE; HUMAN_RELEASE_APPROVED
experiments/scoring/compute_cifar100_latent_roundtrip_proxy.py,3071,6993ae961bc6b49fef65b1a6a90b1e9e17345e3e49789c1bdba5b4d88707528d,AUTHOR_CREATED_OR_DERIVED; UPSTREAM_POINTERS_ONLY,PUBLIC_RELEASE; HUMAN_RELEASE_APPROVED
experiments/scoring/compute_ddim_hardness.py,9972,3756db35f7c19924fe86589e4e9fe74a1a001947701349826c0430b82c2d13ae,AUTHOR_CREATED_OR_DERIVED; UPSTREAM_POINTERS_ONLY,PUBLIC_RELEASE; HUMAN_RELEASE_APPROVED
experiments/scoring/compute_disc_hardness.py,3223,62ca7e01c4543de7a62a3b9a04c16f634217efd996ba98d5e7445026d729082f,AUTHOR_CREATED_OR_DERIVED; UPSTREAM_POINTERS_ONLY,PUBLIC_RELEASE; HUMAN_RELEASE_APPROVED
experiments/scoring/compute_emu3_vq_recon_proxy.py,5922,0219a9f7d3fc1a5a2edf9fd5c0c1e53454899cacf31d0c13a05c0a75fe4dae42,AUTHOR_CREATED_OR_DERIVED; UPSTREAM_POINTERS_ONLY,PUBLIC_RELEASE; HUMAN_RELEASE_APPROVED
experiments/scoring/compute_imagegpt_nll_proxy.py,5710,61c0ff04479b3a2a3eab868d8efeda4ea0bb700b6114f18f7767aa3169835328,AUTHOR_CREATED_OR_DERIVED; UPSTREAM_POINTERS_ONLY,PUBLIC_RELEASE; HUMAN_RELEASE_APPROVED
experiments/scoring/compute_imagenet1k_disc_metrics.py,5659,8d7685089e1d117745f1b8000ba59c6ee28a105bdc9c58804f349e1e7892ff62,AUTHOR_CREATED_OR_DERIVED; UPSTREAM_POINTERS_ONLY,PUBLIC_RELEASE; HUMAN_RELEASE_APPROVED
experiments/scoring/compute_imagenet1k_vae_proxies.py,4754,2b40a6394b054928430949c9d82b60bb45af41bb6a92aa2606287920bc2e2bbc,AUTHOR_CREATED_OR_DERIVED; UPSTREAM_POINTERS_ONLY,PUBLIC_RELEASE; HUMAN_RELEASE_APPROVED
experiments/scoring/compute_sd_latent_denoise_proxy.py,7024,952c33c31672601a2c95dc74a1b32674af37238029e9ecc29a630494b6105684,AUTHOR_CREATED_OR_DERIVED; UPSTREAM_POINTERS_ONLY,PUBLIC_RELEASE; HUMAN_RELEASE_APPROVED
experiments/scoring/extract_gen_proxies.py,3947,0d40e7457a0dc8c9f5b66cb2a035958c4dd60225c5f05f475734feb27471c065,AUTHOR_CREATED_OR_DERIVED; UPSTREAM_POINTERS_ONLY,PUBLIC_RELEASE; HUMAN_RELEASE_APPROVED
provenance/SOURCE_FILE_MAP.csv,60516,51f4f11c58db32e7972f2befa6c30307c9b2f9f204702d99f6e7c43e3ed563f3,AUTHOR_CREATED_OR_DERIVED; UPSTREAM_POINTERS_ONLY,PUBLIC_RELEASE; HUMAN_RELEASE_APPROVED
provenance/UPSTREAM_ASSETS.csv,2127,75749d41d3e0e66b933ae387b30073a520d9fbad1d0a455cf5db53c6a68561d4,AUTHOR_CREATED_OR_DERIVED; UPSTREAM_POINTERS_ONLY,PUBLIC_RELEASE; HUMAN_RELEASE_APPROVED
provenance/asset_provenance.md,493,f434651d971644d9011733ad05c2917b1ad73336b96df68953368eb7ec25b1a7,AUTHOR_CREATED_OR_DERIVED; UPSTREAM_POINTERS_ONLY,PUBLIC_RELEASE; HUMAN_RELEASE_APPROVED
reproduction/verify_paper_results.py,3227,0e133d521fea507abbd4f436cbbbe87526389a5b183f1c546566b199c6a746b5,AUTHOR_CREATED_OR_DERIVED; UPSTREAM_POINTERS_ONLY,PUBLIC_RELEASE; HUMAN_RELEASE_APPROVED
requirements-cpu.txt,43,b801dcb53d3d62103be95884e736c7a77655fa283fe5ea7cea8ce3a2c42ff6a8,AUTHOR_CREATED_OR_DERIVED; UPSTREAM_POINTERS_ONLY,PUBLIC_RELEASE; HUMAN_RELEASE_APPROVED
requirements-scoring.txt,76,bbf878060ef6cc923810a8d0b97f12e66aebecc12493dead5966746197887147,AUTHOR_CREATED_OR_DERIVED; UPSTREAM_POINTERS_ONLY,PUBLIC_RELEASE; HUMAN_RELEASE_APPROVED
requirements-train.txt,59,a01cf96de590af105972496773663993c2a3aa5be8aac9bf259a66c7f8bb01b6,AUTHOR_CREATED_OR_DERIVED; UPSTREAM_POINTERS_ONLY,PUBLIC_RELEASE; HUMAN_RELEASE_APPROVED
requirements.txt,24,e9dcdbc1f4823db27c93eb2f2167f120cdfb068dce5830576219ed3a379d6a94,AUTHOR_CREATED_OR_DERIVED; UPSTREAM_POINTERS_ONLY,PUBLIC_RELEASE; HUMAN_RELEASE_APPROVED
results/SOURCE_OF_TRUTH.csv,6740,9108de409699abee79ec969bf4e99304a5f0dadb366ab2a61d25f8c2db67bc89,AUTHOR_CREATED_OR_DERIVED; UPSTREAM_POINTERS_ONLY,PUBLIC_RELEASE; HUMAN_RELEASE_APPROVED
results/SOURCE_OF_TRUTH_AUDIT.md,1558,ae5d761701fb9028840e7095e906eb1f9a42e263944d382a75c305bc8c9b7cfe,AUTHOR_CREATED_OR_DERIVED; UPSTREAM_POINTERS_ONLY,PUBLIC_RELEASE; HUMAN_RELEASE_APPROVED
results/aggregate/alpha_mix_results.json,10454,ab18a277d27f850cd0dab1790c0d689445bcebbb1e1e6ffd58ef9b8ed46a9e4a,AUTHOR_CREATED_OR_DERIVED; UPSTREAM_POINTERS_ONLY,PUBLIC_RELEASE; HUMAN_RELEASE_APPROVED
results/aggregate/cifar100_balanced/W3_balanced_diagnostics.csv,681,64aaa731f7a3564027d235bfe43282fee97073da1e376e2e36b3f07bb251a679,AUTHOR_CREATED_OR_DERIVED; UPSTREAM_POINTERS_ONLY,PUBLIC_RELEASE; HUMAN_RELEASE_APPROVED
results/aggregate/cifar100_balanced/balanced_control_summary.csv,896,a3b9dcaf742d53a1b5406b605b0e82c1f372435b6cd8f82b3ef9a0ce327b3ad0,AUTHOR_CREATED_OR_DERIVED; UPSTREAM_POINTERS_ONLY,PUBLIC_RELEASE; HUMAN_RELEASE_APPROVED
results/aggregate/cifar100_balanced/balanced_diagnostics_summary.csv,681,64aaa731f7a3564027d235bfe43282fee97073da1e376e2e36b3f07bb251a679,AUTHOR_CREATED_OR_DERIVED; UPSTREAM_POINTERS_ONLY,PUBLIC_RELEASE; HUMAN_RELEASE_APPROVED
results/aggregate/cifar100_balanced/balanced_missing_runs.csv,1,01ba4719c80b6fe911b091a7c05124b64eeece964e09c058ef8f9805daca546b,AUTHOR_CREATED_OR_DERIVED; UPSTREAM_POINTERS_ONLY,PUBLIC_RELEASE; HUMAN_RELEASE_APPROVED
results/aggregate/cifar100_balanced/balanced_seed_level_results.csv,3608,de4cb36fb15a4a6660b8689d3d6416adc959f3989e1f72ff104941ce0b6e4d78,AUTHOR_CREATED_OR_DERIVED; UPSTREAM_POINTERS_ONLY,PUBLIC_RELEASE; HUMAN_RELEASE_APPROVED
results/aggregate/convae/dataset_specific_ae_correlation_summary.csv,440,9a8674e2c4719bba4b1bb94b79a9255a405d42961870cc3369cdd25cdcd125c5,AUTHOR_CREATED_OR_DERIVED; UPSTREAM_POINTERS_ONLY,PUBLIC_RELEASE; HUMAN_RELEASE_APPROVED
results/aggregate/convae/dataset_specific_ae_predictive_r2_per_split.csv,5652,9b201c3775810d0846dbb8eb20d0de6fa970a0129462454da0dd1327b73a5cef,AUTHOR_CREATED_OR_DERIVED; UPSTREAM_POINTERS_ONLY,PUBLIC_RELEASE; HUMAN_RELEASE_APPROVED
results/aggregate/convae/dataset_specific_ae_predictive_r2_summary.csv,761,442dbe806406d9bf00162621963407f4a14f16872e9ad7528d46659ab61d0cc2,AUTHOR_CREATED_OR_DERIVED; UPSTREAM_POINTERS_ONLY,PUBLIC_RELEASE; HUMAN_RELEASE_APPROVED
results/aggregate/convae/manifest.json,619,8ffdeaf96c4d02718fd131f0bbc2f56bd1a440485ab0a57453c02f9abddaae02,AUTHOR_CREATED_OR_DERIVED; UPSTREAM_POINTERS_ONLY,PUBLIC_RELEASE; HUMAN_RELEASE_APPROVED
results/aggregate/convae/training_curve.csv,1233,acd68e9d5ed8669fdd2caf96d5c4f6dfdf7f9fb60820c7592884b2c09b786cca,AUTHOR_CREATED_OR_DERIVED; UPSTREAM_POINTERS_ONLY,PUBLIC_RELEASE; HUMAN_RELEASE_APPROVED
results/aggregate/dinov2_scalar/cifar100_dinov2_dependence.csv,793,53d2cf1a7acb09ad284befa152e9f87b3d5c6054007b4722db04c45ad4a20fa5,AUTHOR_CREATED_OR_DERIVED; UPSTREAM_POINTERS_ONLY,PUBLIC_RELEASE; HUMAN_RELEASE_APPROVED
results/aggregate/dinov2_scalar/cifar100_dinov2_predictive_r2.csv,1621,94a7efe31df5e14ab2e888cfc8dc58af7abf5cf126c9ca9ac102d4ce3cb861f8,AUTHOR_CREATED_OR_DERIVED; UPSTREAM_POINTERS_ONLY,PUBLIC_RELEASE; HUMAN_RELEASE_APPROVED
results/aggregate/dinov2_scalar/cifar100_dinov2_predictive_r2_per_split.csv,4885,6aedb63b85bcba39ee7f0806baff3b5a51ba5d1f80243071c5fd0632e5ea3913,AUTHOR_CREATED_OR_DERIVED; UPSTREAM_POINTERS_ONLY,PUBLIC_RELEASE; HUMAN_RELEASE_APPROVED
results/aggregate/dinov2_scalar/cifar100_dinov2_proxy.csv,1258056,c6356e299d383ca1988a54eeef15275ed6cbf880ab3844ab3ef508791aff2480,AUTHOR_CREATED_OR_DERIVED; UPSTREAM_POINTERS_ONLY,PUBLIC_RELEASE; HUMAN_RELEASE_APPROVED
results/aggregate/dinov2_scalar/manifest.json,821,65f5a6ec02253c0256d2dc97b17063256077551d9f51a6eea749318288012e09,AUTHOR_CREATED_OR_DERIVED; UPSTREAM_POINTERS_ONLY,PUBLIC_RELEASE; HUMAN_RELEASE_APPROVED
results/aggregate/epochwise/epochwise_dynamics_correlations.csv,24096,fe613919bad3296d542fcbc7105cdc00d6235cda60f0c0528e19311b46725327,AUTHOR_CREATED_OR_DERIVED; UPSTREAM_POINTERS_ONLY,PUBLIC_RELEASE; HUMAN_RELEASE_APPROVED
results/aggregate/epochwise/epochwise_dynamics_manifest.json,492,bbfc6497f50edd5b862d005c26bdfaa8778ad0632302cf2f8e22fb2e1ccb43ee,AUTHOR_CREATED_OR_DERIVED; UPSTREAM_POINTERS_ONLY,PUBLIC_RELEASE; HUMAN_RELEASE_APPROVED
results/aggregate/hsic_results.json,877,18b2b388c432b1534c6133ca62e4925e822ad945277381589c3072fa22ad1334,AUTHOR_CREATED_OR_DERIVED; UPSTREAM_POINTERS_ONLY,PUBLIC_RELEASE; HUMAN_RELEASE_APPROVED
results/aggregate/positive_control/positive_task_aligned_control_summary.csv,725,041cdeb19e143a42179b421961372498b8c2e05cea3e7a115c0a55427345aeca,AUTHOR_CREATED_OR_DERIVED; UPSTREAM_POINTERS_ONLY,PUBLIC_RELEASE; HUMAN_RELEASE_APPROVED
results/aggregate/positive_control/positive_task_aligned_control_summary.json,1415,050eae557601731b3e6d0112a4f1a1fb682145309f217804555b831bb9c096a6,AUTHOR_CREATED_OR_DERIVED; UPSTREAM_POINTERS_ONLY,PUBLIC_RELEASE; HUMAN_RELEASE_APPROVED
results/aggregate/predictive_validity/predictive_power_manifest.json,1537,034b98b4a7ea773517876e7cce071d75dec6860bee153d1cfb6a410d141b1da7,AUTHOR_CREATED_OR_DERIVED; UPSTREAM_POINTERS_ONLY,PUBLIC_RELEASE; HUMAN_RELEASE_APPROVED
results/aggregate/predictive_validity/predictive_power_per_split.csv,27741,1b6d0b3bf5bee9a29ddf2ad15a93703a376703096db061a5b9069c42974ae2e9,AUTHOR_CREATED_OR_DERIVED; UPSTREAM_POINTERS_ONLY,PUBLIC_RELEASE; HUMAN_RELEASE_APPROVED
results/aggregate/predictive_validity/predictive_power_summary.csv,1641,70672763ee2c5a4f93a22aa62bd3f243cd3f79cab6cb3de0e467051f0664a9fa,AUTHOR_CREATED_OR_DERIVED; UPSTREAM_POINTERS_ONLY,PUBLIC_RELEASE; HUMAN_RELEASE_APPROVED
results/aggregate/review_reported/table09_dependence_main.csv,757,35354e855da628246602a2881ef570596d97213867898cd835893dd29942799a,AUTHOR_CREATED_OR_DERIVED; UPSTREAM_POINTERS_ONLY,PUBLIC_RELEASE; HUMAN_RELEASE_APPROVED
results/aggregate/review_reported/table10_convae_check.csv,480,83d18d4e3ac48a985955eadebe2d3362c1e38b58a27df416891ea546e703fb9e,AUTHOR_CREATED_OR_DERIVED; UPSTREAM_POINTERS_ONLY,PUBLIC_RELEASE; HUMAN_RELEASE_APPROVED
results/aggregate/review_reported/table11_dinov2_stress.csv,528,5a533b7f90edfa3513d433c69ff5f440427d8f903aa34df2f63cd167f46796fc,AUTHOR_CREATED_OR_DERIVED; UPSTREAM_POINTERS_ONLY,PUBLIC_RELEASE; HUMAN_RELEASE_APPROVED
results/aggregate/review_reported/table13_imagenet1k_checks.csv,952,754ec2746d96293273ad7bec743977e284ce4a0a00e65d703f30905f1e63b914,AUTHOR_CREATED_OR_DERIVED; UPSTREAM_POINTERS_ONLY,PUBLIC_RELEASE; HUMAN_RELEASE_APPROVED
results/aggregate/review_reported/table15_predictive_validity.csv,408,dd10ec8cf9b2f4f4cd37ca79f3e09f232ccfd7f7f9eebee4b2022e261da464ea,AUTHOR_CREATED_OR_DERIVED; UPSTREAM_POINTERS_ONLY,PUBLIC_RELEASE; HUMAN_RELEASE_APPROVED
results/aggregate/review_reported/table16_cifar100_transfer.csv,621,c187e0b3238b50b38d1ae9b697fd79e1574333dc536a6e241b75b1e26d780778,AUTHOR_CREATED_OR_DERIVED; UPSTREAM_POINTERS_ONLY,PUBLIC_RELEASE; HUMAN_RELEASE_APPROVED
results/aggregate/review_reported/table17_resnet50_transfer.csv,604,51a0b3080c61550bd9cfc9be82633e18157a90c05819f2e54a120344b5a19699,AUTHOR_CREATED_OR_DERIVED; UPSTREAM_POINTERS_ONLY,PUBLIC_RELEASE; HUMAN_RELEASE_APPROVED
results/aggregate/review_reported/table18_imagenet10_transfer.csv,504,dc70fdd46ef1857cee24653c168027044f683bcb8adca6d3b574347687ecd678,AUTHOR_CREATED_OR_DERIVED; UPSTREAM_POINTERS_ONLY,PUBLIC_RELEASE; HUMAN_RELEASE_APPROVED
results/aggregate/review_reported/table19_disc_hard_diagnostics.csv,236,76d152b8db4b526b701d31935129894800acf340f2e9d88db0cd9cbc5ebfaa36,AUTHOR_CREATED_OR_DERIVED; UPSTREAM_POINTERS_ONLY,PUBLIC_RELEASE; HUMAN_RELEASE_APPROVED
results/aggregate/review_reported/table22_class_balanced_controls.csv,310,89a19eaf9b6976e2084dc45bb5c9f68d729f8d145bcd1abdb4695485f26d5ac4,AUTHOR_CREATED_OR_DERIVED; UPSTREAM_POINTERS_ONLY,PUBLIC_RELEASE; HUMAN_RELEASE_APPROVED
results/aggregate/review_reported/table25_cross_architecture.csv,121,8e0a2b6fd8c8a831833a263836d53b87fdcf631cf246140eee0aac60c1053a8e,AUTHOR_CREATED_OR_DERIVED; UPSTREAM_POINTERS_ONLY,PUBLIC_RELEASE; HUMAN_RELEASE_APPROVED
results/aggregate/review_reported/table26_shuffled_proxy.csv,278,23c5ff8124f1398843175780e177fb8e14bbea83cb79bfb2f8c1c7efe67ed5b8,AUTHOR_CREATED_OR_DERIVED; UPSTREAM_POINTERS_ONLY,PUBLIC_RELEASE; HUMAN_RELEASE_APPROVED
results/aggregate/review_reported/table27_label_granularity.csv,103,09307a3e712dbc975a391a43095980e69546f91c3de125a08c03d6b6b5253ebc,AUTHOR_CREATED_OR_DERIVED; UPSTREAM_POINTERS_ONLY,PUBLIC_RELEASE; HUMAN_RELEASE_APPROVED
results/aggregate/review_reported/table28_training_dynamics.csv,171,9946aa017f3d2a86e58fd9b3975928a99c48c5481530522b984cbdd4986f2365,AUTHOR_CREATED_OR_DERIVED; UPSTREAM_POINTERS_ONLY,PUBLIC_RELEASE; HUMAN_RELEASE_APPROVED
results/aggregate/review_reported/table29_epochwise_correlations.csv,360,3d821077bd3c3191d9c0531544eaa97c1b13c120883194957e9a7ae3d7b0a4d5,AUTHOR_CREATED_OR_DERIVED; UPSTREAM_POINTERS_ONLY,PUBLIC_RELEASE; HUMAN_RELEASE_APPROVED
results/aggregate/review_reported/table30_asset_provenance.csv,1106,0e0f3201b56a18137ca4838d6d419d89b5617b79b04c4046978d91bf2f1dc195,AUTHOR_CREATED_OR_DERIVED; UPSTREAM_POINTERS_ONLY,PUBLIC_RELEASE; HUMAN_RELEASE_APPROVED
results/aggregate/training_dynamics/epoch_metrics.csv,2585,9781b637ddeb130c9fc9dfadc1c64fff6009ccea30bc696d02fe1bf45fbe4c90,AUTHOR_CREATED_OR_DERIVED; UPSTREAM_POINTERS_ONLY,PUBLIC_RELEASE; HUMAN_RELEASE_APPROVED
results/aggregate/training_dynamics/training_dynamics_correlations.csv,583,4a9b8f425a609928ffef1eca470cba0bb44875949832a40faf8f8ff285385f0a,AUTHOR_CREATED_OR_DERIVED; UPSTREAM_POINTERS_ONLY,PUBLIC_RELEASE; HUMAN_RELEASE_APPROVED
results/aggregate/training_dynamics/training_dynamics_manifest.json,968,c496872afaf682638a57c81731c45a6877fb7e6363929f8815b4865f693f1765,AUTHOR_CREATED_OR_DERIVED; UPSTREAM_POINTERS_ONLY,PUBLIC_RELEASE; HUMAN_RELEASE_APPROVED
results/aggregate/training_dynamics/training_dynamics_metadata.json,892,247511d244668be3b115e1927ae99e513a2651060349fbe17c59b124910a258d,AUTHOR_CREATED_OR_DERIVED; UPSTREAM_POINTERS_ONLY,PUBLIC_RELEASE; HUMAN_RELEASE_APPROVED
results/aggregate/training_dynamics/training_dynamics_nonlinear_r2_per_split.csv,2530,c26c81396e54595e6f6011f73f905d4f68cfae29571819388ce18ad924a7cc68,AUTHOR_CREATED_OR_DERIVED; UPSTREAM_POINTERS_ONLY,PUBLIC_RELEASE; HUMAN_RELEASE_APPROVED
results/aggregate/training_dynamics/training_dynamics_nonlinear_r2_summary.csv,1313,0d34d7d0597966d450b62df3ec6812ccd09743cb763d501a1ad20c1cea274d23,AUTHOR_CREATED_OR_DERIVED; UPSTREAM_POINTERS_ONLY,PUBLIC_RELEASE; HUMAN_RELEASE_APPROVED
results/seed_level/cifar100_main/seed_level_results.csv,6693,11c7482bfbc95abe1babd3f93b410bd207fee39d298920dde8b4650ac36fc25d,AUTHOR_CREATED_OR_DERIVED; UPSTREAM_POINTERS_ONLY,PUBLIC_RELEASE; HUMAN_RELEASE_APPROVED
results/seed_level/cifar100_main/transfer_accuracy_summary.csv,1079,c075fe249217409679a222997cc8da17bcc1cc4441b31b289696c4de226a0af3,AUTHOR_CREATED_OR_DERIVED; UPSTREAM_POINTERS_ONLY,PUBLIC_RELEASE; HUMAN_RELEASE_APPROVED
results/seed_level/cifar100_main/transfer_delta_summary.csv,1504,0422348377ddb93f83282aaa8bc3780e70b5a7a8307e929d7da7056c82e611b9,AUTHOR_CREATED_OR_DERIVED; UPSTREAM_POINTERS_ONLY,PUBLIC_RELEASE; HUMAN_RELEASE_APPROVED
results/seed_level/cifar100_second_learner/second_learner_accuracy_summary.csv,528,5895fe4d5ba22615c28a94cc5fc91b13e27bbdfc5e65acaaa0ad378a9c53f7d7,AUTHOR_CREATED_OR_DERIVED; UPSTREAM_POINTERS_ONLY,PUBLIC_RELEASE; HUMAN_RELEASE_APPROVED
results/seed_level/cifar100_second_learner/second_learner_seed_level_results.csv,6189,8687cf987936fcbd19e34df7b7e9b46e49dfeadcc5c4e1ec45cd19c8ab22c189,AUTHOR_CREATED_OR_DERIVED; UPSTREAM_POINTERS_ONLY,PUBLIC_RELEASE; HUMAN_RELEASE_APPROVED
results/seed_level/cifar100_second_learner/second_learner_transfer_delta_summary.csv,692,344c5709ef2fc4104abef27ebde8d5bd11e0996db5f347977597993a145f62b3,AUTHOR_CREATED_OR_DERIVED; UPSTREAM_POINTERS_ONLY,PUBLIC_RELEASE; HUMAN_RELEASE_APPROVED
results/seed_level/imagenet10/imagenette_accuracy_summary.csv,333,d94c72ce0db2a6f4f10fbbd7552fc4d41658a8f8c2b294b89cc8d6652d951393,AUTHOR_CREATED_OR_DERIVED; UPSTREAM_POINTERS_ONLY,PUBLIC_RELEASE; HUMAN_RELEASE_APPROVED
results/seed_level/imagenet10/imagenette_seed_level_results.csv,2324,9d911e22e1a1c51170866ae94cf831fe3dd16dd4676672f8f170d1218f32d87d,AUTHOR_CREATED_OR_DERIVED; UPSTREAM_POINTERS_ONLY,PUBLIC_RELEASE; HUMAN_RELEASE_APPROVED
results/seed_level/imagenet10/imagenette_transfer_delta_summary.csv,470,003d787b790ce990bc7791c9381d2ead944f06565bfa03de31241df5739d5721,AUTHOR_CREATED_OR_DERIVED; UPSTREAM_POINTERS_ONLY,PUBLIC_RELEASE; HUMAN_RELEASE_APPROVED
schemas/proxy_scores_schema.csv,224,c2c871d5b53097bd1dd0976e6ae379ae7315ba17850734ce1af9dbe6511a30e3,AUTHOR_CREATED_OR_DERIVED; UPSTREAM_POINTERS_ONLY,PUBLIC_RELEASE; HUMAN_RELEASE_APPROVED
schemas/split_ids_schema.csv,156,7b31f3bbe16275c78d22c1fb9d7f8b5e53f74fb6694920684b69f3f6aa28251c,AUTHOR_CREATED_OR_DERIVED; UPSTREAM_POINTERS_ONLY,PUBLIC_RELEASE; HUMAN_RELEASE_APPROVED
schemas/target_scores_schema.csv,229,1d06851b31504a4f53648c2c94f73f1fefba2fbb0c84a4504576dfdc835f17d4,AUTHOR_CREATED_OR_DERIVED; UPSTREAM_POINTERS_ONLY,PUBLIC_RELEASE; HUMAN_RELEASE_APPROVED
schemas/transfer_results_schema.csv,238,73ad7beaa43ce9b70eeac00d5bb888e6a006e3b6b1fadcbf90fe6537323b8970,AUTHOR_CREATED_OR_DERIVED; UPSTREAM_POINTERS_ONLY,PUBLIC_RELEASE; HUMAN_RELEASE_APPROVED
scripts/aggregate_dinov2_gate3_transfer.py,14205,eaa05f6a48e7e43e0d1e169324acb35f4060783f5549ca3448e55825e00f9610,AUTHOR_CREATED_OR_DERIVED; UPSTREAM_POINTERS_ONLY,PUBLIC_RELEASE; HUMAN_RELEASE_APPROVED
scripts/generate_claim_card.py,2154,a4ea97321b60b96cb44278c08c0d100b5724d1d840452fed3f266e47d7327f96,AUTHOR_CREATED_OR_DERIVED; UPSTREAM_POINTERS_ONLY,PUBLIC_RELEASE; HUMAN_RELEASE_APPROVED
scripts/render_cached_tables.py,2034,4bd847dc3119b54f9a09cc988dbca74d87503e2170550749de8d075c4b320db9,AUTHOR_CREATED_OR_DERIVED; UPSTREAM_POINTERS_ONLY,PUBLIC_RELEASE; HUMAN_RELEASE_APPROVED
scripts/reproduce.py,1316,a2bfcfae22d8943b5532778a0de297a65bb87b82264dd04102baf41403f1918d,AUTHOR_CREATED_OR_DERIVED; UPSTREAM_POINTERS_ONLY,PUBLIC_RELEASE; HUMAN_RELEASE_APPROVED
scripts/run_dinov2_gate3_transfer.py,14831,6e3fe70672d72da870a7901d73e34d39f36247ce0d48f29acb9c7dd117d65721,AUTHOR_CREATED_OR_DERIVED; UPSTREAM_POINTERS_ONLY,PUBLIC_RELEASE; HUMAN_RELEASE_APPROVED
scripts/run_dinov2_gate3_transfer.sh,2895,74e48a7af57f0639e2725f19589462eb37d109eaf83a7807370b0d1f2b32a1d1,AUTHOR_CREATED_OR_DERIVED; UPSTREAM_POINTERS_ONLY,PUBLIC_RELEASE; HUMAN_RELEASE_APPROVED
scripts/run_stage1_dependence.py,2075,230b89b0b6b102d4579a8759478a7f464a724b3f8e10cc5a4a36eeccfc199bb8,AUTHOR_CREATED_OR_DERIVED; UPSTREAM_POINTERS_ONLY,PUBLIC_RELEASE; HUMAN_RELEASE_APPROVED
scripts/run_stage2_prediction.py,2480,4c81d2070fec6de3dd538689dcfccd7443f36d0b6d1aeefe36ea133062f39f7b,AUTHOR_CREATED_OR_DERIVED; UPSTREAM_POINTERS_ONLY,PUBLIC_RELEASE; HUMAN_RELEASE_APPROVED
scripts/run_stage3_transfer_summary.py,1508,389a34bf8e25881ddabc70b62932b76483ab6d0e734b726154d9e5d270e288cf,AUTHOR_CREATED_OR_DERIVED; UPSTREAM_POINTERS_ONLY,PUBLIC_RELEASE; HUMAN_RELEASE_APPROVED
scripts/smoke_test.sh,1368,dd90698fb273e0a17494e67a38043e29e5bd5f6d508386163a09ae519f85f832,AUTHOR_CREATED_OR_DERIVED; UPSTREAM_POINTERS_ONLY,PUBLIC_RELEASE; HUMAN_RELEASE_APPROVED
scripts/verify_cached_summaries.py,3439,c565449d95d9c8707a5d69414a7fdca354a6b58c86ebdac795267f40af38d238,AUTHOR_CREATED_OR_DERIVED; UPSTREAM_POINTERS_ONLY,PUBLIC_RELEASE; HUMAN_RELEASE_APPROVED
scripts/verify_derived_scalar_arrays.py,3874,c57e319119a8c9bde9c4aba91a6c0bd5ab96dd20d836c01615ca5050e0b16265,AUTHOR_CREATED_OR_DERIVED; UPSTREAM_POINTERS_ONLY,PUBLIC_RELEASE; HUMAN_RELEASE_APPROVED
templates/claim_tier_template.csv,913,360af4ee1566a74767dc352ce73fee747aa99ed3a891f7170fad87e6d0b12580,AUTHOR_CREATED_OR_DERIVED; UPSTREAM_POINTERS_ONLY,PUBLIC_RELEASE; HUMAN_RELEASE_APPROVED
templates/cohe_audit_card_template.md,521,615b2b02252d831782e6ad19f8561b1020375994b29c4c6984d828de60e514d9,AUTHOR_CREATED_OR_DERIVED; UPSTREAM_POINTERS_ONLY,PUBLIC_RELEASE; HUMAN_RELEASE_APPROVED
templates/reporting_checklist_template.md,667,0c9da2cac3124ee81286f03f0d48737745d5f75a8ee060effbf223ae1aa575e8,AUTHOR_CREATED_OR_DERIVED; UPSTREAM_POINTERS_ONLY,PUBLIC_RELEASE; HUMAN_RELEASE_APPROVED
