path,kind,bytes,sha256,contains_raw_images_or_weights,redistribution_scope
ANONYMITY_AUDIT.json,metadata_or_document,1727,6af8d9e2bf9768123b8991bf9be77c0b5a69632811c62cf74c45da361dcb3b42,no,documentation_or_derived_values
EXCLUDED_FILES.md,metadata_or_document,786,9dc7635f2d00e5100a223322f2bea7d5ea8ff9abf19558ddca02b5aa4a60523a,no,documentation_or_derived_values
PRE_ADDENDUM_COMMIT.txt,metadata_or_document,312,75ab4b5d92d0897a7ec18c306fc5c50a5b05dc66e6d3abeef2ad3a7355463344,no,documentation_or_derived_values
README.md,metadata_or_document,1981,2cb70340cca9bc57ad43e6e472ee24a17c71bce7a5a5f258bd4d70cacd7b677a,no,documentation_or_derived_values
REPRODUCTION_MATRIX.md,metadata_or_document,2843,cef26d7f9a54ac1f69b14774d49a0102ea87fa4cb96ee10bb3a63a5886195347,no,documentation_or_derived_values
THIRD_PARTY_ATTRIBUTION.md,metadata_or_document,1823,70f57e9160da3cef84e777a17b7dce5a275ff946cd1008d4021b92ae1b78f843,no,documentation_or_derived_values
cifar100_proxy_arrays/README.md,metadata_or_document,1230,3c42adee0fe92dd9acea53524e584ddb1737afbfa990e8bea638ab0cac749b1f,no,documentation_or_derived_values
cifar100_proxy_arrays/arrays/convae_scores.npy,scalar_array,200128,517c34a137bbb63aa22d9754ad8ca3892c0a2075c4d3c732b6c386aa5065d8f2,no,derived_values_only
cifar100_proxy_arrays/arrays/ddim_scores.npy,scalar_array,200128,9ba28caf194edf1e8f4602af8825f77e3cf31615c01a0deef2ff2392acb3b682,no,derived_values_only
cifar100_proxy_arrays/arrays/ddpm_scores.npy,scalar_array,200128,c7ffeaba16c0c53e23ce15c631c065c70d3196a50be1286f830fd7ca0f15299c,no,derived_values_only
cifar100_proxy_arrays/arrays/dinov2_scores.npy,scalar_array,200128,6281ef06cbb5209983b0d69cf048c853d542e9cf0c167db83bf38fd9940241da,no,derived_values_only
cifar100_proxy_arrays/arrays/emu3_vq_scores.npy,scalar_array,200128,b3c2b51024231d17f72a004930579fa68f650c9e6336682a131c04cbb7be083a,no,derived_values_only
cifar100_proxy_arrays/arrays/sd15_scores.npy,scalar_array,200128,8091e8cb7238eec4c3e67025f904b43025e95d711e176fdb76f977937163336c,no,derived_values_only
cifar100_proxy_arrays/arrays/sdvae_scores.npy,scalar_array,200128,e774f5e5d1112ba983a4f568c74a7efa097302b5796c01cd7bec0144f7564e17,no,derived_values_only
cifar100_proxy_arrays/checksums.sha256,metadata_or_document,2060,06229dd504f6d6f9d4b4082d1c0e61cc52785aebbc830a3b607f51f6686094d8,no,documentation_or_derived_values
cifar100_proxy_arrays/manifests/convae_manifest.csv.gz,sample_order_manifest,269209,f15188434923bf8b0c7764b2b3c31dbef61b409e96a0e62ff7ccb420723109b3,no,derived_indices_only
cifar100_proxy_arrays/manifests/ddim_manifest.csv.gz,sample_order_manifest,258492,a91a786a6dce3255cb25bf13b70ccd794d8896fafee200ac390282f1e69178cd,no,derived_indices_only
cifar100_proxy_arrays/manifests/ddpm_manifest.csv.gz,sample_order_manifest,258491,c2cf85a000b840921d4dd84fadbf6177c67e0fa586c31bbb29a981b403fa8049,no,derived_indices_only
cifar100_proxy_arrays/manifests/dinov2_manifest.csv.gz,sample_order_manifest,269210,bf15f072cbdb181d0a87ff0f62444102162d2d09ea6674bffe9731c4f3176e6a,no,derived_indices_only
cifar100_proxy_arrays/manifests/emu3_vq_manifest.csv.gz,sample_order_manifest,271865,f04a80c8a939f116484231d514b2912cd44ea49a127f04fbb9e82ff27fc1c355,no,derived_indices_only
cifar100_proxy_arrays/manifests/sd15_manifest.csv.gz,sample_order_manifest,271858,94de93fa8287711f38ba20121bd3c29ba3ccbd9ab03afcaec795d32b4b8e89db,no,derived_indices_only
cifar100_proxy_arrays/manifests/sdvae_manifest.csv.gz,sample_order_manifest,269211,e7882bb2987fe436edbc9543df12515131ad9e2816eed7614e446ab5964e59e3,no,derived_indices_only
cifar100_proxy_arrays/metadata/convae_metadata.json,metadata_or_document,1658,3febdd99c653a5e06dcca7a0a6ed06b69c7ceea7bff299ae06aad6fa1ff059fb,no,documentation_or_derived_values
cifar100_proxy_arrays/metadata/ddim_metadata.json,metadata_or_document,1723,ac16d671832998ffba756594472a25d5a6a72922589a3661b7fc73075c192e9b,no,documentation_or_derived_values
cifar100_proxy_arrays/metadata/ddpm_metadata.json,metadata_or_document,1668,023a3a4a28d72e67a3d455079225de3e4bccdfb3ecd02829fdc34aa4bdb59faf,no,documentation_or_derived_values
cifar100_proxy_arrays/metadata/dinov2_metadata.json,metadata_or_document,1636,713a2f2c7de3e89d09c73e57a254ebd41a2da7f9b71ea9214a2a433287e18f35,no,documentation_or_derived_values
cifar100_proxy_arrays/metadata/emu3_vq_metadata.json,metadata_or_document,1658,fe515fac3a912158b41a17707e05c5daf9b8a6b9d0592855d2f3fe4597d36b0c,no,documentation_or_derived_values
cifar100_proxy_arrays/metadata/sd15_metadata.json,metadata_or_document,1691,cba4d748d37ae237ad046613041237eabf3322f1408f103b51b79845e25d56f5,no,documentation_or_derived_values
cifar100_proxy_arrays/metadata/sdvae_metadata.json,metadata_or_document,1637,0a9bd43df19167cc40883a66e7ffbf9d503a3426e961078807f78a05d33db32b,no,documentation_or_derived_values
dinov2_multibudget/README.md,metadata_or_document,842,976bdd68d9b73558bbb5b178d905483426be2ca2d9f65964ea892c0762d42269,no,documentation_or_derived_values
dinov2_multibudget/configs/dinov2_multibudget_config.json,metadata_or_document,1606,d59706e65754222886d24b9df41e30f54624e812963ca34914f2278bc17bf21f,no,documentation_or_derived_values
dinov2_multibudget/per_seed_results.csv,metadata_or_document,2136,b182df9099b759eff605b13df5d3afb13cd82f2e85cf71574f70f14e93d82f0a,no,documentation_or_derived_values
dinov2_multibudget/reproduce_table.py,evaluation_script,1586,31c1d59557aa8c06d210986549a799d4c0d61c6cfc990311583eadbda0904f92,no,code_only
dinov2_multibudget/selection_inventory.json,metadata_or_document,937,7b0df7614a9b6e9963112d267b2d47e09ec07ab2681a31becfd0db995a3dbd93,no,documentation_or_derived_values
dinov2_multibudget/selections/cb_dino_hard_budget0.10_seed0.indices.npy,selection_indices,40128,d8ef5b3de4e32318d51349aa35d61c7444370542d997d87f3ee23071d50b18fc,no,derived_indices_only
dinov2_multibudget/selections/cb_dino_hard_budget0.10_seed1.indices.npy,selection_indices,40128,d8ef5b3de4e32318d51349aa35d61c7444370542d997d87f3ee23071d50b18fc,no,derived_indices_only
dinov2_multibudget/selections/cb_dino_hard_budget0.10_seed2.indices.npy,selection_indices,40128,d8ef5b3de4e32318d51349aa35d61c7444370542d997d87f3ee23071d50b18fc,no,derived_indices_only
dinov2_multibudget/selections/cb_random_budget0.10_seed0.indices.npy,selection_indices,40128,da0698b4627e06972ece568d823f09784bc2596ed583dea84965a3ba5cecc510,no,derived_indices_only
dinov2_multibudget/selections/cb_random_budget0.10_seed1.indices.npy,selection_indices,40128,d3e74cc8041b017d23290f918cd247c53383630bb9c4a586d0447ebacb8b4b66,no,derived_indices_only
dinov2_multibudget/selections/cb_random_budget0.10_seed2.indices.npy,selection_indices,40128,6d78245887bbcbf016d4cbe959d0d860a3754fb07c6750e2a6ff618b2c49bcb7,no,derived_indices_only
dinov2_multibudget/selections/checksums.sha256,metadata_or_document,1854,ae5a22e88abd1c8b1921751a640ad46d1ea1d1e2c84131ba7d1608ee030b16e5,no,documentation_or_derived_values
dinov2_multibudget/selections/dino_hard_budget0.10.indices.npy,selection_indices,40128,07252432ed95dd1cda15273c60f0dde7a4d7b3eeba7207a75864662dd672a6d5,no,derived_indices_only
dinov2_multibudget/selections/dino_hard_budget0.30.indices.npy,selection_indices,120128,3b63956cc23bc2f8266602c40e4f862e65e31aed033187e0d9cd0f61c29f3ac0,no,derived_indices_only
dinov2_multibudget/selections/dino_hard_budget0.50.indices.npy,selection_indices,200128,60f3632c20884af6735ed99e878d49a4b6cc07830d48a2da0f0b842552f2d9ac,no,derived_indices_only
dinov2_multibudget/selections/random_budget0.10_seed0.indices.npy,selection_indices,40128,4a314a9e1082b353cbe8bea1df2deb82e16a7d95a5b7761650a8638266bf8570,no,derived_indices_only
dinov2_multibudget/selections/random_budget0.10_seed1.indices.npy,selection_indices,40128,b9681128946a2425232268fcd848d2c97c4bcff8e916d65b633c3de722b83ed3,no,derived_indices_only
dinov2_multibudget/selections/random_budget0.10_seed2.indices.npy,selection_indices,40128,5ef7520610eac5b8e950373e6c05f1a3a1bd9fea7e620c6d32f7279f01dd3bc7,no,derived_indices_only
dinov2_multibudget/selections/random_budget0.30_seed0.indices.npy,selection_indices,120128,768d317096179ff015225a688e215d3ce7048b161769037c7c4a3b7ad4ffa77e,no,derived_indices_only
dinov2_multibudget/selections/random_budget0.30_seed1.indices.npy,selection_indices,120128,bca366d6c40740cc8835bcbb74cb9893131419a8008212e737e8def292689fa9,no,derived_indices_only
dinov2_multibudget/selections/random_budget0.30_seed2.indices.npy,selection_indices,120128,8fea53fdc5cf568e7816804d17b3fda9dc36a3c73928fd61f894bdc06e22d909,no,derived_indices_only
dinov2_multibudget/selections/random_budget0.50_seed0.indices.npy,selection_indices,200128,034bf269ec5caa3397bc1682ada9fefb828592e39ed07ba755c54c06ebada217,no,derived_indices_only
dinov2_multibudget/selections/random_budget0.50_seed1.indices.npy,selection_indices,200128,7fc6df4df913f8f5be1cf6554ece37e7ad76aad77ffa8449ca9be20dfb8ccb8c,no,derived_indices_only
dinov2_multibudget/selections/random_budget0.50_seed2.indices.npy,selection_indices,200128,b0c5c35a8d74c29b14113d63031d03e82fca723fb20c3259aae3f8069d8bd929,no,derived_indices_only
dinov2_multibudget/summary.json,metadata_or_document,1469,5b65d57e181f85687cfd505378589de77fa2bdfb7c63369eb1e8afa59a6e7245,no,documentation_or_derived_values
full_data_ordering/README.md,metadata_or_document,703,a50f860a0c82579c25ee6cf1eb357d890c71b2c333d297e56f9c15d403c69018,no,documentation_or_derived_values
full_data_ordering/configs/order_config.json,metadata_or_document,1058,53f869b3d524517902b8a30b7ceaca95123b1697453d2e0c73c5f0f044656415,no,documentation_or_derived_values
full_data_ordering/construct_blocked_order.py,evaluation_script,1995,5989e690bb16d26d123e05253b9a818e7475923c15d6518e459a9be582a5fd78,no,code_only
full_data_ordering/ordering_metadata/bin_membership.csv.gz,metadata_or_document,258952,e1c2e7347a44ba4da1fa39e75f6bd1c1e43b7510e75144334c2909c02cff9266,no,documentation_or_derived_values
full_data_ordering/ordering_metadata/bin_membership_summary.json,metadata_or_document,377,e17d6a3d6a00187a2bb127f82419b014460f49561219ac1dda831a5f5f4fb559,no,documentation_or_derived_values
full_data_ordering/per_seed_results.csv,metadata_or_document,884,254bf32a28f43e2cee8ae0925c3938e3a6a2a5c4a4c1142a119f7f5be0fd111d,no,documentation_or_derived_values
full_data_ordering/reproduce_statistics.py,evaluation_script,2321,78cbb533a517e087632531439774ccc86ce9661b75d3c6999359b04463c09c5b,no,code_only
full_data_ordering/summary.json,metadata_or_document,962,71ca421baff39af3b6a07275cd9e92f6e1f8319b129cb8bf988b661c3b549d42,no,documentation_or_derived_values
openreview_notice/AC_OFFICIAL_COMMENT.md,metadata_or_document,761,05cf697581f2da607508e760e2d47693f68402f24d51a756d61619eae071cba2,no,documentation_or_derived_values
openreview_notice/REBUTTAL_ARTIFACT_SENTENCE.md,metadata_or_document,662,6db0ec5a08ebdd4e7778baea412ca3d214f7da6e0cfb5902fd5aab2e307cbaa8,no,documentation_or_derived_values
