budget,K,seed,method,acc,source
0.1,5000,0,Coreset-kCenter,22.91,original_coreset_seed0_2
0.1,5000,1,Coreset-kCenter,22.83,original_coreset_seed0_2
0.1,5000,2,Coreset-kCenter,23.23,original_coreset_seed0_2
0.1,5000,3,Coreset-kCenter,23.44,extended_coreset_seed3_4
0.1,5000,4,Coreset-kCenter,23.25,extended_coreset_seed3_4
0.1,5000,0,Disc-Hard,19.18,original_alpha_mix_seed0_2
0.1,5000,1,Disc-Hard,18.98,original_alpha_mix_seed0_2
0.1,5000,2,Disc-Hard,18.81,original_alpha_mix_seed0_2
0.1,5000,3,Disc-Hard,18.53,extended_main4_seed3_4
0.1,5000,4,Disc-Hard,18.44,extended_main4_seed3_4
0.1,5000,0,Gen-Hard,26.76,original_alpha_mix_seed0_2
0.1,5000,1,Gen-Hard,27.92,original_alpha_mix_seed0_2
0.1,5000,2,Gen-Hard,28.29,original_alpha_mix_seed0_2
0.1,5000,3,Gen-Hard,27.44,extended_main4_seed3_4
0.1,5000,4,Gen-Hard,27.79,extended_main4_seed3_4
0.1,5000,0,OHS-XOR(p75),27.11,original_alpha_mix_seed0_2
0.1,5000,1,OHS-XOR(p75),27.91,original_alpha_mix_seed0_2
0.1,5000,2,OHS-XOR(p75),25.94,original_alpha_mix_seed0_2
0.1,5000,3,OHS-XOR(p75),27.16,extended_main4_seed3_4
0.1,5000,4,OHS-XOR(p75),25.9,extended_main4_seed3_4
0.1,5000,0,Predictive-Entropy,19.83,original_uncertainty_seed0_2
0.1,5000,1,Predictive-Entropy,19.53,original_uncertainty_seed0_2
0.1,5000,2,Predictive-Entropy,20.43,original_uncertainty_seed0_2
0.1,5000,3,Predictive-Entropy,19.98,extended_uncertainty_seed3_4
0.1,5000,4,Predictive-Entropy,19.88,extended_uncertainty_seed3_4
0.1,5000,0,Random,26.62,original_alpha_mix_seed0_2
0.1,5000,1,Random,26.46,original_alpha_mix_seed0_2
0.1,5000,2,Random,26.78,original_alpha_mix_seed0_2
0.1,5000,3,Random,27.27,extended_main4_seed3_4
0.1,5000,4,Random,26.42,extended_main4_seed3_4
0.3,15000,0,Coreset-kCenter,41.51,extended_coreset_seed3_4
0.3,15000,1,Coreset-kCenter,41.59,extended_coreset_seed3_4
0.3,15000,2,Coreset-kCenter,41.24,extended_coreset_seed3_4
0.3,15000,3,Coreset-kCenter,40.89,extended_coreset_seed3_4
0.3,15000,4,Coreset-kCenter,41.37,extended_coreset_seed3_4
0.3,15000,0,Disc-Hard,34.26,extended_main4_seed3_4
0.3,15000,1,Disc-Hard,34.68,extended_main4_seed3_4
0.3,15000,2,Disc-Hard,34.34,extended_main4_seed3_4
0.3,15000,3,Disc-Hard,34.65,extended_main4_seed3_4
0.3,15000,4,Disc-Hard,34.16,extended_main4_seed3_4
0.3,15000,0,Gen-Hard,44.13,extended_main4_seed3_4
0.3,15000,1,Gen-Hard,43.73,extended_main4_seed3_4
0.3,15000,2,Gen-Hard,44.12,extended_main4_seed3_4
0.3,15000,3,Gen-Hard,43.76,extended_main4_seed3_4
0.3,15000,4,Gen-Hard,43.22,extended_main4_seed3_4
0.3,15000,0,OHS-XOR(p75),41.67,extended_main4_seed3_4
0.3,15000,1,OHS-XOR(p75),42.52,extended_main4_seed3_4
0.3,15000,2,OHS-XOR(p75),42.49,extended_main4_seed3_4
0.3,15000,3,OHS-XOR(p75),42.47,extended_main4_seed3_4
0.3,15000,4,OHS-XOR(p75),41.8,extended_main4_seed3_4
0.3,15000,0,Predictive-Entropy,36.83,extended_uncertainty_seed3_4
0.3,15000,1,Predictive-Entropy,37.53,extended_uncertainty_seed3_4
0.3,15000,2,Predictive-Entropy,37.04,extended_uncertainty_seed3_4
0.3,15000,3,Predictive-Entropy,37.95,extended_uncertainty_seed3_4
0.3,15000,4,Predictive-Entropy,37.84,extended_uncertainty_seed3_4
0.3,15000,0,Random,44.27,extended_main4_seed3_4
0.3,15000,1,Random,43.23,extended_main4_seed3_4
0.3,15000,2,Random,43.49,extended_main4_seed3_4
0.3,15000,3,Random,43.99,extended_main4_seed3_4
0.3,15000,4,Random,43.95,extended_main4_seed3_4
0.5,25000,0,Coreset-kCenter,50.89,original_coreset_seed0_2
0.5,25000,1,Coreset-kCenter,50.31,original_coreset_seed0_2
0.5,25000,2,Coreset-kCenter,51.14,original_coreset_seed0_2
0.5,25000,3,Coreset-kCenter,50.72,extended_coreset_seed3_4
0.5,25000,4,Coreset-kCenter,50.54,extended_coreset_seed3_4
0.5,25000,0,Disc-Hard,45.55,original_alpha_mix_seed0_2
0.5,25000,1,Disc-Hard,45.15,original_alpha_mix_seed0_2
0.5,25000,2,Disc-Hard,45.48,original_alpha_mix_seed0_2
0.5,25000,3,Disc-Hard,45.68,extended_main4_seed3_4
0.5,25000,4,Disc-Hard,45.34,extended_main4_seed3_4
0.5,25000,0,Gen-Hard,51.4,original_alpha_mix_seed0_2
0.5,25000,1,Gen-Hard,51.14,original_alpha_mix_seed0_2
0.5,25000,2,Gen-Hard,51.3,original_alpha_mix_seed0_2
0.5,25000,3,Gen-Hard,50.89,extended_main4_seed3_4
0.5,25000,4,Gen-Hard,51.26,extended_main4_seed3_4
0.5,25000,0,OHS-XOR(p75),50.31,original_alpha_mix_seed0_2
0.5,25000,1,OHS-XOR(p75),50.2,original_alpha_mix_seed0_2
0.5,25000,2,OHS-XOR(p75),50.74,original_alpha_mix_seed0_2
0.5,25000,3,OHS-XOR(p75),50.65,extended_main4_seed3_4
0.5,25000,4,OHS-XOR(p75),51.05,extended_main4_seed3_4
0.5,25000,0,Predictive-Entropy,48.39,original_uncertainty_seed0_2
0.5,25000,1,Predictive-Entropy,47.41,original_uncertainty_seed0_2
0.5,25000,2,Predictive-Entropy,48.27,original_uncertainty_seed0_2
0.5,25000,3,Predictive-Entropy,48.0,extended_uncertainty_seed3_4
0.5,25000,4,Predictive-Entropy,47.23,extended_uncertainty_seed3_4
0.5,25000,0,Random,51.54,original_alpha_mix_seed0_2
0.5,25000,1,Random,51.05,original_alpha_mix_seed0_2
0.5,25000,2,Random,51.92,original_alpha_mix_seed0_2
0.5,25000,3,Random,51.4,extended_main4_seed3_4
0.5,25000,4,Random,51.3,extended_main4_seed3_4
0.7,35000,0,Coreset-kCenter,55.59,original_coreset_seed0_2
0.7,35000,1,Coreset-kCenter,55.75,original_coreset_seed0_2
0.7,35000,2,Coreset-kCenter,56.37,original_coreset_seed0_2
0.7,35000,3,Coreset-kCenter,56.06,extended_coreset_seed3_4
0.7,35000,4,Coreset-kCenter,55.43,extended_coreset_seed3_4
0.7,35000,0,Disc-Hard,53.22,original_alpha_mix_seed0_2
0.7,35000,1,Disc-Hard,52.86,original_alpha_mix_seed0_2
0.7,35000,2,Disc-Hard,52.7,original_alpha_mix_seed0_2
0.7,35000,3,Disc-Hard,53.25,extended_main4_seed3_4
0.7,35000,4,Disc-Hard,53.19,extended_main4_seed3_4
0.7,35000,0,Gen-Hard,55.62,original_alpha_mix_seed0_2
0.7,35000,1,Gen-Hard,56.09,original_alpha_mix_seed0_2
0.7,35000,2,Gen-Hard,55.8,original_alpha_mix_seed0_2
0.7,35000,3,Gen-Hard,56.26,extended_main4_seed3_4
0.7,35000,4,Gen-Hard,55.6,extended_main4_seed3_4
0.7,35000,0,OHS-XOR(p75),55.59,original_alpha_mix_seed0_2
0.7,35000,1,OHS-XOR(p75),56.09,original_alpha_mix_seed0_2
0.7,35000,2,OHS-XOR(p75),55.83,original_alpha_mix_seed0_2
0.7,35000,3,OHS-XOR(p75),56.11,extended_main4_seed3_4
0.7,35000,4,OHS-XOR(p75),55.8,extended_main4_seed3_4
0.7,35000,0,Predictive-Entropy,53.97,original_uncertainty_seed0_2
0.7,35000,1,Predictive-Entropy,54.09,original_uncertainty_seed0_2
0.7,35000,2,Predictive-Entropy,54.44,original_uncertainty_seed0_2
0.7,35000,3,Predictive-Entropy,54.74,extended_uncertainty_seed3_4
0.7,35000,4,Predictive-Entropy,55.1,extended_uncertainty_seed3_4
0.7,35000,0,Random,56.07,original_alpha_mix_seed0_2
0.7,35000,1,Random,56.06,original_alpha_mix_seed0_2
0.7,35000,2,Random,56.65,original_alpha_mix_seed0_2
0.7,35000,3,Random,56.03,extended_main4_seed3_4
0.7,35000,4,Random,56.73,extended_main4_seed3_4
