budget,method,mean_acc,std_acc,n,seeds
0.1,Coreset-kCenter,23.1320,0.2544,5,0 1 2 3 4
0.1,Disc-Hard,18.7880,0.3077,5,0 1 2 3 4
0.1,Gen-Hard,27.6400,0.5783,5,0 1 2 3 4
0.1,OHS-XOR(p75),26.8040,0.8671,5,0 1 2 3 4
0.1,Predictive-Entropy,19.9300,0.3260,5,0 1 2 3 4
0.1,Random,26.7100,0.3439,5,0 1 2 3 4
0.3,Coreset-kCenter,41.3200,0.2751,5,0 1 2 3 4
0.3,Disc-Hard,34.4180,0.2346,5,0 1 2 3 4
0.3,Gen-Hard,43.7920,0.3721,5,0 1 2 3 4
0.3,OHS-XOR(p75),42.1900,0.4183,5,0 1 2 3 4
0.3,Predictive-Entropy,37.4380,0.4900,5,0 1 2 3 4
0.3,Random,43.7860,0.4182,5,0 1 2 3 4
0.5,Coreset-kCenter,50.7200,0.3185,5,0 1 2 3 4
0.5,Disc-Hard,45.4400,0.2033,5,0 1 2 3 4
0.5,Gen-Hard,51.1980,0.1958,5,0 1 2 3 4
0.5,OHS-XOR(p75),50.5900,0.3421,5,0 1 2 3 4
0.5,Predictive-Entropy,47.8600,0.5167,5,0 1 2 3 4
0.5,Random,51.4420,0.3216,5,0 1 2 3 4
0.7,Coreset-kCenter,55.8400,0.3768,5,0 1 2 3 4
0.7,Disc-Hard,53.0440,0.2485,5,0 1 2 3 4
0.7,Gen-Hard,55.8740,0.2919,5,0 1 2 3 4
0.7,OHS-XOR(p75),55.8840,0.2179,5,0 1 2 3 4
0.7,Predictive-Entropy,54.4680,0.4650,5,0 1 2 3 4
0.7,Random,56.3080,0.3502,5,0 1 2 3 4
