budget,method,mean_delta_acc,std_delta_acc,ci95_low,ci95_high,p_value,n_pairs,paired_seeds
0.1,Gen-Hard,0.9300,0.7093,0.0492,1.8108,0.0427414,5,0 1 2 3 4
0.1,Disc-Hard,-7.9220,0.5250,-8.5739,-7.2701,4.60208e-06,5,0 1 2 3 4
0.1,Predictive-Entropy,-6.7800,0.3624,-7.2299,-6.3301,1.95061e-06,5,0 1 2 3 4
0.1,Coreset-kCenter,-3.5780,0.2504,-3.8890,-3.2670,5.72309e-06,5,0 1 2 3 4
0.1,OHS-XOR(p75),0.0940,0.9064,-1.0315,1.2195,0.828007,5,0 1 2 3 4
0.3,Gen-Hard,0.0060,0.5595,-0.6887,0.7007,0.982017,5,0 1 2 3 4
0.3,Disc-Hard,-9.3680,0.5718,-10.0779,-8.6581,3.314e-06,5,0 1 2 3 4
0.3,Predictive-Entropy,-6.3480,0.6660,-7.1750,-5.5210,2.86577e-05,5,0 1 2 3 4
0.3,Coreset-kCenter,-2.4660,0.5546,-3.1546,-1.7774,0.000574672,5,0 1 2 3 4
0.3,OHS-XOR(p75),-1.5960,0.7844,-2.5699,-0.6221,0.0104186,5,0 1 2 3 4
0.5,Gen-Hard,-0.2440,0.3066,-0.6247,0.1367,0.149812,5,0 1 2 3 4
0.5,Disc-Hard,-6.0020,0.2663,-6.3327,-5.6713,9.27739e-07,5,0 1 2 3 4
0.5,Predictive-Entropy,-3.5820,0.3413,-4.0058,-3.1582,1.95388e-05,5,0 1 2 3 4
0.5,Coreset-kCenter,-0.7220,0.0550,-0.7902,-0.6538,7.99335e-06,5,0 1 2 3 4
0.5,OHS-XOR(p75),-0.8520,0.3947,-1.3421,-0.3619,0.00848415,5,0 1 2 3 4
0.7,Gen-Hard,-0.4340,0.5731,-1.1456,0.2776,0.165661,5,0 1 2 3 4
0.7,Disc-Hard,-3.2640,0.4890,-3.8712,-2.6568,0.000117379,5,0 1 2 3 4
0.7,Predictive-Entropy,-1.8400,0.3768,-2.3079,-1.3721,0.000399587,5,0 1 2 3 4
0.7,Coreset-kCenter,-0.4680,0.5002,-1.0890,0.1530,0.104565,5,0 1 2 3 4
0.7,OHS-XOR(p75),-0.4240,0.4680,-1.0051,0.1571,0.112749,5,0 1 2 3 4
