epoch,train_mse
1,0.0280333625921607
2,0.011635320064425468
3,0.009952837622463703
4,0.008640391615629196
5,0.0074665144640207294
6,0.006546034816950559
7,0.005555113721787929
8,0.0050596419627964495
9,0.004704172365069389
10,0.004288706071674824
11,0.00417554206609726
12,0.00392001280233264
13,0.0038276006133109333
14,0.003597388963624835
15,0.0036232153732329605
16,0.0033718849951773883
17,0.0033575316611677408
18,0.0031853213810175657
19,0.003153227959126234
20,0.003009740874171257
21,0.0028871776819229126
22,0.002877181083410978
23,0.0027114192168414594
24,0.0026789070019125937
25,0.002684703283831477
26,0.002487292691767216
27,0.0024262498251348733
28,0.002422280923873186
29,0.002428766152188182
30,0.0022429571153968573
31,0.0023234950283914806
32,0.0021416794430464507
33,0.0022196793956309555
34,0.0021426582999527453
35,0.002118969199620187
36,0.0019953993846476077
37,0.0019979361552000044
38,0.0019956648550182583
39,0.0020368549463897945
40,0.0018897173745930195
41,0.0018551261754333973
42,0.0018064448534324765
43,0.0017788909009099007
44,0.0017571570521593093
45,0.0017042620389163493
46,0.0016889091927185654
47,0.0017250727503746747
48,0.001661531554609537
49,0.0016077965382859112
50,0.0016449868461117147
