proxy,epoch,metric,pearson_r,spearman_rho
DDIM_Main,1,cumulative_forgetting,,
DDIM_Main,1,current_correctness,-0.05099417749582378,-0.0521560075908738
DDIM_Main,2,cumulative_forgetting,-0.007524569392193618,-0.007775710262894687
DDIM_Main,2,current_correctness,-0.06220886700144214,-0.06480776369604796
DDIM_Main,3,cumulative_forgetting,-0.0052798970035567196,-0.0063917293865555554
DDIM_Main,3,current_correctness,-0.06938762742430184,-0.07013297405262389
DDIM_Main,4,cumulative_forgetting,-0.006549389546939604,-0.0060794638978035635
DDIM_Main,4,current_correctness,-0.06599075908297874,-0.06784195226477666
DDIM_Main,5,cumulative_forgetting,-0.003340672297102787,-0.0036851551938574703
DDIM_Main,5,current_correctness,-0.07320745284448207,-0.07533528051849435
DDIM_Main,6,cumulative_forgetting,-0.0008595656958443314,-0.0011583901858112115
DDIM_Main,6,current_correctness,-0.07405252950094904,-0.07591021196597526
DDIM_Main,7,cumulative_forgetting,0.0006846491362675008,0.0009343304704632652
DDIM_Main,7,current_correctness,-0.0727516321937767,-0.07454290994352514
DDIM_Main,8,cumulative_forgetting,0.004424341411299851,0.004506210955343641
DDIM_Main,8,current_correctness,-0.07522488484278315,-0.07646406470980253
DDIM_Main,9,cumulative_forgetting,0.006314445195834343,0.0060249223128856205
DDIM_Main,9,current_correctness,-0.07000603220921972,-0.07119368162117552
DDIM_Main,10,cumulative_forgetting,0.008413392106266042,0.00798802429217697
DDIM_Main,10,current_correctness,-0.06473478161530297,-0.06654819091650026
DDIM_Main,11,cumulative_forgetting,0.01034970029039117,0.010170839239476008
DDIM_Main,11,current_correctness,-0.06275333348431383,-0.06146642787543655
DDIM_Main,12,cumulative_forgetting,0.012397169179463428,0.013024321827006006
DDIM_Main,12,current_correctness,-0.062670688730175,-0.062117120584683806
DDIM_Main,13,cumulative_forgetting,0.015249837471856712,0.01616920609395228
DDIM_Main,13,current_correctness,-0.06520720745783458,-0.06603544264001754
DDIM_Main,14,cumulative_forgetting,0.017103484795907644,0.017767892835387013
DDIM_Main,14,current_correctness,-0.06436436599764749,-0.06552999085050165
DDIM_Main,15,cumulative_forgetting,0.01858775652626305,0.019634782239759285
DDIM_Main,15,current_correctness,-0.05724345791964033,-0.057443974537355245
DDIM_Main,16,cumulative_forgetting,0.022509297752087192,0.023811720048269678
DDIM_Main,16,current_correctness,-0.057987406775952884,-0.05980292237072897
DDIM_Main,17,cumulative_forgetting,0.02362338300861356,0.02510338658538073
DDIM_Main,17,current_correctness,-0.05725867018252209,-0.058282535957970685
DDIM_Main,18,cumulative_forgetting,0.02480501250419783,0.02671667727503334
DDIM_Main,18,current_correctness,-0.054528925359850246,-0.05493861043813508
DDIM_Main,19,cumulative_forgetting,0.02588784906438043,0.02812449313611079
DDIM_Main,19,current_correctness,-0.05135850413591303,-0.05065645631989608
DDIM_Main,20,cumulative_forgetting,0.028288053786583067,0.030541658527576693
DDIM_Main,20,current_correctness,-0.05623588444896281,-0.05682491239928012
DDIM_Main,21,cumulative_forgetting,0.028738382077414203,0.03111435817200195
DDIM_Main,21,current_correctness,-0.054685932387711064,-0.05468373276519755
DDIM_Main,22,cumulative_forgetting,0.028637738379681164,0.031288471681455675
DDIM_Main,22,current_correctness,-0.05017354472245394,-0.051081922510386485
DDIM_Main,23,cumulative_forgetting,0.02984564248747218,0.03262968045566872
DDIM_Main,23,current_correctness,-0.04785491448181446,-0.04800057949022855
DDIM_Main,24,cumulative_forgetting,0.03161774259155216,0.03415632774524355
DDIM_Main,24,current_correctness,-0.0500088729065985,-0.049539635060024075
DDIM_Main,25,cumulative_forgetting,0.03321437023897325,0.0361153019951428
DDIM_Main,25,current_correctness,-0.045804431735437474,-0.04763101562882332
DDIM_Main,26,cumulative_forgetting,0.034437114713316216,0.03705497632824427
DDIM_Main,26,current_correctness,-0.04433100273744521,-0.04405736585571191
DDIM_Main,27,cumulative_forgetting,0.034738738514894896,0.0372773279551375
DDIM_Main,27,current_correctness,-0.04809432614621526,-0.04902922108587238
DDIM_Main,28,cumulative_forgetting,0.03507933947218101,0.03793345781484358
DDIM_Main,28,current_correctness,-0.04505038495634812,-0.0466498458211923
DDIM_Main,29,cumulative_forgetting,0.03657509193060431,0.039120333262022806
DDIM_Main,29,current_correctness,-0.04268863109639084,-0.043679215858148865
DDIM_Main,30,cumulative_forgetting,0.03780678120547806,0.04027163633903394
DDIM_Main,30,current_correctness,-0.04884698105517843,-0.04960758878720643
DDIM_Main,31,cumulative_forgetting,0.038080936951624456,0.04086290832520047
DDIM_Main,31,current_correctness,-0.04438529006738414,-0.045840479932326796
DDIM_Main,32,cumulative_forgetting,0.03919676631349743,0.04176511930303848
DDIM_Main,32,current_correctness,-0.04298139273754943,-0.044717748769845515
DDIM_Main,33,cumulative_forgetting,0.040961043655837304,0.043356436597606504
DDIM_Main,33,current_correctness,-0.04226495775054283,-0.04177304773895567
DDIM_Main,34,cumulative_forgetting,0.0427273846822311,0.045181540048089816
DDIM_Main,34,current_correctness,-0.0434617592022014,-0.04415707226322664
DDIM_Main,35,cumulative_forgetting,0.04440156828343122,0.046743374244667575
DDIM_Main,35,current_correctness,-0.041482906359150494,-0.04210827819254394
DDIM_Main,36,cumulative_forgetting,0.0457830171043332,0.048215203957665216
DDIM_Main,36,current_correctness,-0.03998088817860484,-0.04093316672794428
DDIM_Main,37,cumulative_forgetting,0.04700479572579352,0.04932958466015166
DDIM_Main,37,current_correctness,-0.034069353309757223,-0.034405634344979605
DDIM_Main,38,cumulative_forgetting,0.04889200610521012,0.05097847663362203
DDIM_Main,38,current_correctness,-0.02997732988085644,-0.030310266216440198
DDIM_Main,39,cumulative_forgetting,0.05165485639073332,0.05397533878184214
DDIM_Main,39,current_correctness,-0.03929620655786127,-0.03966518767824506
DDIM_Main,40,cumulative_forgetting,0.052867892088212305,0.05525252372424527
DDIM_Main,40,current_correctness,-0.03385060579746097,-0.03462741878667774
DDIM_Main,41,cumulative_forgetting,0.05434879667730644,0.05676098355314355
DDIM_Main,41,current_correctness,-0.027363298457302447,-0.028589925341623298
DDIM_Main,42,cumulative_forgetting,0.05631487501710735,0.058785468922932745
DDIM_Main,42,current_correctness,-0.03152638479174588,-0.03267940678282598
DDIM_Main,43,cumulative_forgetting,0.05815903554924312,0.06018808432233982
DDIM_Main,43,current_correctness,-0.030092478527301535,-0.03048790868912912
DDIM_Main,44,cumulative_forgetting,0.06010031990015319,0.06204717981991542
DDIM_Main,44,current_correctness,-0.02890623833777155,-0.028659953127932722
DDIM_Main,45,cumulative_forgetting,0.06209023313520968,0.06391978257915139
DDIM_Main,45,current_correctness,-0.030361731073537835,-0.031097814436990008
DDIM_Main,46,cumulative_forgetting,0.06309915445502007,0.06467453677240083
DDIM_Main,46,current_correctness,-0.023882837783684805,-0.024535187423823417
DDIM_Main,47,cumulative_forgetting,0.06408314539723793,0.06585937296490946
DDIM_Main,47,current_correctness,-0.021659199460758883,-0.022084169755057413
DDIM_Main,48,cumulative_forgetting,0.06561132896372332,0.06756085140130169
DDIM_Main,48,current_correctness,-0.02549289214632788,-0.026165482376001113
DDIM_Main,49,cumulative_forgetting,0.06711567198659055,0.06893832686322077
DDIM_Main,49,current_correctness,-0.026893500736009882,-0.027835590828931073
DDIM_Main,50,cumulative_forgetting,0.06871254284305439,0.07040895401608005
DDIM_Main,50,current_correctness,-0.03068860869439433,-0.0317196012590262
SDVAE_Latent,1,cumulative_forgetting,,
SDVAE_Latent,1,current_correctness,0.0012026641917061176,-0.012476220487562506
SDVAE_Latent,2,cumulative_forgetting,-0.0005543041221829857,-0.003839802791322733
SDVAE_Latent,2,current_correctness,0.010493340941073013,-0.0066374215868484805
SDVAE_Latent,3,cumulative_forgetting,0.0020542666469369974,-0.0023015522399124355
SDVAE_Latent,3,current_correctness,0.008029176189970283,-0.015304726828190826
SDVAE_Latent,4,cumulative_forgetting,0.0034752975592443227,0.0011429876469072342
SDVAE_Latent,4,current_correctness,0.009583302501702914,-0.019661527054504992
SDVAE_Latent,5,cumulative_forgetting,0.006060865954634331,0.0015430710700032931
SDVAE_Latent,5,current_correctness,0.008780777078926829,-0.016504516654622322
SDVAE_Latent,6,cumulative_forgetting,0.008506854237308107,0.00024128207305560264
SDVAE_Latent,6,current_correctness,0.003801799358522842,-0.018652558979299464
SDVAE_Latent,7,cumulative_forgetting,0.009122724964705526,0.0027685398999044825
SDVAE_Latent,7,current_correctness,0.00044758922432944556,-0.022887948317754293
SDVAE_Latent,8,cumulative_forgetting,0.008694389059635753,0.004196153920186634
SDVAE_Latent,8,current_correctness,-0.0018313714975542149,-0.028210772640285927
SDVAE_Latent,9,cumulative_forgetting,0.006553502539664929,0.0018294671391281814
SDVAE_Latent,9,current_correctness,-0.0024096903142380686,-0.030702213886543404
SDVAE_Latent,10,cumulative_forgetting,0.005428481583875556,-0.0012931489409237543
SDVAE_Latent,10,current_correctness,0.0012217076893170538,-0.021025600867141742
SDVAE_Latent,11,cumulative_forgetting,0.005901814495339801,-0.0013703007186381302
SDVAE_Latent,11,current_correctness,-0.005561852419451184,-0.02420137432708217
SDVAE_Latent,12,cumulative_forgetting,0.004175430907678923,6.549381737074402e-06
SDVAE_Latent,12,current_correctness,0.004681148980697763,-0.022347635997622968
SDVAE_Latent,13,cumulative_forgetting,0.0069444720350237835,0.0005661184914512093
SDVAE_Latent,13,current_correctness,-0.0023534473453596747,-0.026230736288543676
SDVAE_Latent,14,cumulative_forgetting,0.00712959042437416,0.0012442524479770274
SDVAE_Latent,14,current_correctness,0.00014976977538326043,-0.02011933046680571
SDVAE_Latent,15,cumulative_forgetting,0.008651549939032232,0.003532233523589334
SDVAE_Latent,15,current_correctness,0.0004593992460729566,-0.022883883296915902
SDVAE_Latent,16,cumulative_forgetting,0.00801826624995609,0.004067848946474767
SDVAE_Latent,16,current_correctness,0.005756509993074935,-0.017390133361928045
SDVAE_Latent,17,cumulative_forgetting,0.009922073696591063,0.005101564971799448
SDVAE_Latent,17,current_correctness,-0.007507893252491643,-0.026393816264577964
SDVAE_Latent,18,cumulative_forgetting,0.007673664054054829,0.0037238560527975634
SDVAE_Latent,18,current_correctness,0.0030025221490173892,-0.01600640415581831
SDVAE_Latent,19,cumulative_forgetting,0.006829576345247924,0.004086925910501222
SDVAE_Latent,19,current_correctness,0.0045180743755887905,-0.017763979101381982
SDVAE_Latent,20,cumulative_forgetting,0.006623843288137176,0.00583814058589517
SDVAE_Latent,20,current_correctness,0.0001629313566772227,-0.025583428294334215
SDVAE_Latent,21,cumulative_forgetting,0.006016211519208855,0.005239330061869807
SDVAE_Latent,21,current_correctness,0.0015596525945652446,-0.0203749569981792
SDVAE_Latent,22,cumulative_forgetting,0.0070074629722853225,0.005983579513348016
SDVAE_Latent,22,current_correctness,-0.004684845923487625,-0.022227274950361222
SDVAE_Latent,23,cumulative_forgetting,0.006646063264664768,0.006116468777094709
SDVAE_Latent,23,current_correctness,-0.0008785022013797955,-0.02081141788848781
SDVAE_Latent,24,cumulative_forgetting,0.005975177079635848,0.005173949684912554
SDVAE_Latent,24,current_correctness,0.003912770058051823,-0.017826511035545087
SDVAE_Latent,25,cumulative_forgetting,0.005331388644128866,0.004773442625435703
SDVAE_Latent,25,current_correctness,0.0033267842141706896,-0.013809307438037289
SDVAE_Latent,26,cumulative_forgetting,0.005394086269223588,0.004727496813182472
SDVAE_Latent,26,current_correctness,0.0034257346750997415,-0.01537717114292429
SDVAE_Latent,27,cumulative_forgetting,0.006136814172588539,0.00489571896989342
SDVAE_Latent,27,current_correctness,-2.9108662947450645e-05,-0.02061279153074978
SDVAE_Latent,28,cumulative_forgetting,0.004785039617923322,0.0044636987611489974
SDVAE_Latent,28,current_correctness,0.005409527670122069,-0.01723046936278066
SDVAE_Latent,29,cumulative_forgetting,0.004244170836603334,0.003894802701571647
SDVAE_Latent,29,current_correctness,0.005865121492728331,-0.012418537988561231
SDVAE_Latent,30,cumulative_forgetting,0.004234333616147442,0.004792358400393989
SDVAE_Latent,30,current_correctness,0.0035194780148045095,-0.018344360230145677
SDVAE_Latent,31,cumulative_forgetting,0.004294082132426215,0.0056723285186
SDVAE_Latent,31,current_correctness,0.0029388767491582484,-0.016890217405717285
SDVAE_Latent,32,cumulative_forgetting,0.005176157745070001,0.0068550147507492835
SDVAE_Latent,32,current_correctness,-0.004100241502972479,-0.022591935819359272
SDVAE_Latent,33,cumulative_forgetting,0.005658182410179989,0.007120149154005391
SDVAE_Latent,33,current_correctness,-0.0031282013301196813,-0.0187387064107257
SDVAE_Latent,34,cumulative_forgetting,0.005393379734642492,0.007247278326567504
SDVAE_Latent,34,current_correctness,0.003720811939281198,-0.01599474114149044
SDVAE_Latent,35,cumulative_forgetting,0.005329191601700908,0.007452847188835043
SDVAE_Latent,35,current_correctness,0.004689383409135518,-0.013771585341615218
SDVAE_Latent,36,cumulative_forgetting,0.005879764980567342,0.008283305914838366
SDVAE_Latent,36,current_correctness,0.004071503606864105,-0.014089456915159808
SDVAE_Latent,37,cumulative_forgetting,0.00629448387575624,0.00917384639951411
SDVAE_Latent,37,current_correctness,0.002426893548421301,-0.01702772270632691
SDVAE_Latent,38,cumulative_forgetting,0.006757397180745795,0.009918138441710628
SDVAE_Latent,38,current_correctness,-0.00045407632971050584,-0.016448897015445715
SDVAE_Latent,39,cumulative_forgetting,0.007310051116406142,0.010902474896197317
SDVAE_Latent,39,current_correctness,-0.002777944822808404,-0.020468694094773445
SDVAE_Latent,40,cumulative_forgetting,0.007433619874177655,0.011099951634809948
SDVAE_Latent,40,current_correctness,-0.0026056446374260874,-0.01857183067506944
SDVAE_Latent,41,cumulative_forgetting,0.007331333251038198,0.011221898020770966
SDVAE_Latent,41,current_correctness,0.005852561081771505,-0.011021308990121118
SDVAE_Latent,42,cumulative_forgetting,0.007449375194254613,0.011427808155377422
SDVAE_Latent,42,current_correctness,0.004451602169690176,-0.00900699754998391
SDVAE_Latent,43,cumulative_forgetting,0.007127999024459344,0.011867556261516286
SDVAE_Latent,43,current_correctness,0.005142582694475477,-0.011184183882213079
SDVAE_Latent,44,cumulative_forgetting,0.006719921038849521,0.012106377386145792
SDVAE_Latent,44,current_correctness,0.008081875043130696,-0.012503707408805336
SDVAE_Latent,45,cumulative_forgetting,0.007265440319885192,0.012582986815086291
SDVAE_Latent,45,current_correctness,0.0010976634683060634,-0.01368797613851365
SDVAE_Latent,46,cumulative_forgetting,0.00653090860210536,0.012260777594213958
SDVAE_Latent,46,current_correctness,0.008744957577938946,-0.009409739337024799
SDVAE_Latent,47,cumulative_forgetting,0.006550786957478289,0.01265224393063078
SDVAE_Latent,47,current_correctness,0.008344179560867618,-0.00717510130589925
SDVAE_Latent,48,cumulative_forgetting,0.006281897737581459,0.012731188883138234
SDVAE_Latent,48,current_correctness,0.007518845254428838,-0.00920008555015463
SDVAE_Latent,49,cumulative_forgetting,0.005785934735049495,0.012786211154087209
SDVAE_Latent,49,current_correctness,0.00543916584826912,-0.01006267641238103
SDVAE_Latent,50,cumulative_forgetting,0.005591756241390681,0.013222388158418035
SDVAE_Latent,50,current_correctness,0.006509763024979989,-0.011600098637614338
SD15_LatentDiffusion,1,cumulative_forgetting,,
SD15_LatentDiffusion,1,current_correctness,-0.07852774445616223,-0.076303469665508
SD15_LatentDiffusion,2,cumulative_forgetting,-0.020664149740735157,-0.019661200229780584
SD15_LatentDiffusion,2,current_correctness,-0.09913817286070324,-0.09572730090662168
SD15_LatentDiffusion,3,cumulative_forgetting,-0.026687105318948225,-0.025198720159696618
SD15_LatentDiffusion,3,current_correctness,-0.10360000392409555,-0.1006625319771694
SD15_LatentDiffusion,4,cumulative_forgetting,-0.02442034010915777,-0.022923119874361936
SD15_LatentDiffusion,4,current_correctness,-0.10261065365717281,-0.099285255576857
SD15_LatentDiffusion,5,cumulative_forgetting,-0.023322207983406836,-0.021912887470034427
SD15_LatentDiffusion,5,current_correctness,-0.10413543838261152,-0.10083869859401144
SD15_LatentDiffusion,6,cumulative_forgetting,-0.02056092200592147,-0.019388048193443384
SD15_LatentDiffusion,6,current_correctness,-0.10884785578310291,-0.10600910669767886
SD15_LatentDiffusion,7,cumulative_forgetting,-0.02033312597857107,-0.017727944082493716
SD15_LatentDiffusion,7,current_correctness,-0.10503931117731677,-0.1032630407302335
SD15_LatentDiffusion,8,cumulative_forgetting,-0.016384309127538764,-0.01499348924004445
SD15_LatentDiffusion,8,current_correctness,-0.10626153504272154,-0.10311600588712952
SD15_LatentDiffusion,9,cumulative_forgetting,-0.01612065359790693,-0.01385628700841813
SD15_LatentDiffusion,9,current_correctness,-0.0964905972760519,-0.09368581720433494
SD15_LatentDiffusion,10,cumulative_forgetting,-0.012146825781901082,-0.010813270595709757
SD15_LatentDiffusion,10,current_correctness,-0.09434441319069221,-0.09272368460293043
SD15_LatentDiffusion,11,cumulative_forgetting,-0.00809850920693237,-0.006620520286015907
SD15_LatentDiffusion,11,current_correctness,-0.09072797522559434,-0.08732972578337007
SD15_LatentDiffusion,12,cumulative_forgetting,-0.004776789270726511,-0.0025554584918814345
SD15_LatentDiffusion,12,current_correctness,-0.09060013362778718,-0.08742147364553696
SD15_LatentDiffusion,13,cumulative_forgetting,-0.0010081658941052732,0.001994511836454968
SD15_LatentDiffusion,13,current_correctness,-0.09556531462573707,-0.09382096240244504
SD15_LatentDiffusion,14,cumulative_forgetting,0.001021670152891582,0.003942915744949743
SD15_LatentDiffusion,14,current_correctness,-0.09111892440364913,-0.09015336434973825
SD15_LatentDiffusion,15,cumulative_forgetting,0.0044956368114552475,0.007556654771447293
SD15_LatentDiffusion,15,current_correctness,-0.08809078871961108,-0.0856348995718687
SD15_LatentDiffusion,16,cumulative_forgetting,0.008947714480788991,0.012185383462598147
SD15_LatentDiffusion,16,current_correctness,-0.09243031866408276,-0.089639090677098
SD15_LatentDiffusion,17,cumulative_forgetting,0.009998051467499273,0.01301143956240142
SD15_LatentDiffusion,17,current_correctness,-0.08592898765464779,-0.08445062765419309
SD15_LatentDiffusion,18,cumulative_forgetting,0.011898665994784226,0.015200102990804367
SD15_LatentDiffusion,18,current_correctness,-0.08489617088076828,-0.0827430279493286
SD15_LatentDiffusion,19,cumulative_forgetting,0.014418577796129943,0.017862564875248534
SD15_LatentDiffusion,19,current_correctness,-0.08466631540094688,-0.08311662368604388
SD15_LatentDiffusion,20,cumulative_forgetting,0.016556457851595867,0.019567896389408364
SD15_LatentDiffusion,20,current_correctness,-0.0826033431172221,-0.08073053002748655
SD15_LatentDiffusion,21,cumulative_forgetting,0.018223490055540994,0.021121150848538064
SD15_LatentDiffusion,21,current_correctness,-0.08403659213275091,-0.07984703542471722
SD15_LatentDiffusion,22,cumulative_forgetting,0.018841435252348607,0.022175378549483156
SD15_LatentDiffusion,22,current_correctness,-0.07690727995999816,-0.07603676224666847
SD15_LatentDiffusion,23,cumulative_forgetting,0.021491131260597568,0.02458886617703818
SD15_LatentDiffusion,23,current_correctness,-0.07807260877307816,-0.07588057593647722
SD15_LatentDiffusion,24,cumulative_forgetting,0.022807049239122412,0.025784496474944036
SD15_LatentDiffusion,24,current_correctness,-0.07960247065136145,-0.07676438936935207
SD15_LatentDiffusion,25,cumulative_forgetting,0.024301462034006977,0.02740131901918579
SD15_LatentDiffusion,25,current_correctness,-0.07564140340047587,-0.07457003784764474
SD15_LatentDiffusion,26,cumulative_forgetting,0.026132416063637892,0.028892969582153236
SD15_LatentDiffusion,26,current_correctness,-0.07848148989323285,-0.07557494734406475
SD15_LatentDiffusion,27,cumulative_forgetting,0.02651849898280305,0.029040115291657984
SD15_LatentDiffusion,27,current_correctness,-0.07677161563677483,-0.07487386462457288
SD15_LatentDiffusion,28,cumulative_forgetting,0.02829633465879253,0.03103358594696551
SD15_LatentDiffusion,28,current_correctness,-0.07541126220727354,-0.07406364203363558
SD15_LatentDiffusion,29,cumulative_forgetting,0.029965968579149595,0.03256365690426297
SD15_LatentDiffusion,29,current_correctness,-0.07325763294446026,-0.07171517995908068
SD15_LatentDiffusion,30,cumulative_forgetting,0.03141718987989148,0.033789544311313785
SD15_LatentDiffusion,30,current_correctness,-0.07695929106763298,-0.07577778029529952
SD15_LatentDiffusion,31,cumulative_forgetting,0.032881319502821,0.03522772147782585
SD15_LatentDiffusion,31,current_correctness,-0.07985850585869426,-0.07938589562471225
SD15_LatentDiffusion,32,cumulative_forgetting,0.03370949089494954,0.03585514923620323
SD15_LatentDiffusion,32,current_correctness,-0.07545840542356569,-0.0739322876395252
SD15_LatentDiffusion,33,cumulative_forgetting,0.035026980160763645,0.037249199086664644
SD15_LatentDiffusion,33,current_correctness,-0.07111896658499835,-0.07004185540648736
SD15_LatentDiffusion,34,cumulative_forgetting,0.03764379517505336,0.0396766489541415
SD15_LatentDiffusion,34,current_correctness,-0.07699163248754244,-0.07537745694373228
SD15_LatentDiffusion,35,cumulative_forgetting,0.0400375002268556,0.041984474181612934
SD15_LatentDiffusion,35,current_correctness,-0.07436148544541757,-0.07356496397920465
SD15_LatentDiffusion,36,cumulative_forgetting,0.04196137763558548,0.04378916389691081
SD15_LatentDiffusion,36,current_correctness,-0.06800423790021863,-0.06575910176589443
SD15_LatentDiffusion,37,cumulative_forgetting,0.04434953415383455,0.046037306056868156
SD15_LatentDiffusion,37,current_correctness,-0.0662859064971599,-0.06483737649201578
SD15_LatentDiffusion,38,cumulative_forgetting,0.0469068465756425,0.048512032556958046
SD15_LatentDiffusion,38,current_correctness,-0.061919613070925056,-0.06127249565655268
SD15_LatentDiffusion,39,cumulative_forgetting,0.05027087101398156,0.05187047154020197
SD15_LatentDiffusion,39,current_correctness,-0.06905084715001199,-0.06793080025500542
SD15_LatentDiffusion,40,cumulative_forgetting,0.05237401182285405,0.053919695699455455
SD15_LatentDiffusion,40,current_correctness,-0.06384709429229854,-0.062990083025018
SD15_LatentDiffusion,41,cumulative_forgetting,0.054874081671467026,0.056444029092612716
SD15_LatentDiffusion,41,current_correctness,-0.058743564700697096,-0.05838112787532016
SD15_LatentDiffusion,42,cumulative_forgetting,0.057904259308781465,0.0594398446262685
SD15_LatentDiffusion,42,current_correctness,-0.06175264003723264,-0.06103494066914156
SD15_LatentDiffusion,43,cumulative_forgetting,0.060760721380352434,0.062117774130010246
SD15_LatentDiffusion,43,current_correctness,-0.05838539720858527,-0.05666057808483658
SD15_LatentDiffusion,44,cumulative_forgetting,0.06388560067924988,0.06499815728658438
SD15_LatentDiffusion,44,current_correctness,-0.060611250072614996,-0.0588709875713249
SD15_LatentDiffusion,45,cumulative_forgetting,0.06626272030672711,0.06736370113770285
SD15_LatentDiffusion,45,current_correctness,-0.057099569578744465,-0.056010454914875385
SD15_LatentDiffusion,46,cumulative_forgetting,0.0685049545255423,0.06933618188498931
SD15_LatentDiffusion,46,current_correctness,-0.05594677012713062,-0.05610489291243897
SD15_LatentDiffusion,47,cumulative_forgetting,0.07065994918637641,0.07166922469898342
SD15_LatentDiffusion,47,current_correctness,-0.054052452537343455,-0.05385121027751718
SD15_LatentDiffusion,48,cumulative_forgetting,0.07324908225765282,0.07421743667779067
SD15_LatentDiffusion,48,current_correctness,-0.055226366888786335,-0.05389355888944299
SD15_LatentDiffusion,49,cumulative_forgetting,0.07537748754729526,0.07623863558033407
SD15_LatentDiffusion,49,current_correctness,-0.05182069256683403,-0.05199635804774507
SD15_LatentDiffusion,50,cumulative_forgetting,0.07765412708774709,0.07835574050954282
SD15_LatentDiffusion,50,current_correctness,-0.054324923933743025,-0.05421173295329412
