budget,method,seed,val_accuracy,subset_size,path
0.1,Disc-Hard,0,87.77070063694268,947,imagenet10_resnet18_budget0.10_K947_seed0_Disc-Hard.json
0.1,Gen-Hard,0,84.5859872611465,947,imagenet10_resnet18_budget0.10_K947_seed0_Gen-Hard.json
0.1,OHS-XOR(p75),0,96.8407643312102,947,imagenet10_resnet18_budget0.10_K947_seed0_OHS-XORp75.json
0.1,Random,0,96.50955414012739,947,imagenet10_resnet18_budget0.10_K947_seed0_Random.json
0.1,Disc-Hard,1,87.49044585987261,947,imagenet10_resnet18_budget0.10_K947_seed1_Disc-Hard.json
0.1,Gen-Hard,1,84.96815286624204,947,imagenet10_resnet18_budget0.10_K947_seed1_Gen-Hard.json
0.1,OHS-XOR(p75),1,97.29936305732484,947,imagenet10_resnet18_budget0.10_K947_seed1_OHS-XORp75.json
0.1,Random,1,97.01910828025478,947,imagenet10_resnet18_budget0.10_K947_seed1_Random.json
0.1,Disc-Hard,2,88.76433121019109,947,imagenet10_resnet18_budget0.10_K947_seed2_Disc-Hard.json
0.1,Gen-Hard,2,86.70063694267516,947,imagenet10_resnet18_budget0.10_K947_seed2_Gen-Hard.json
0.1,OHS-XOR(p75),2,97.19745222929936,947,imagenet10_resnet18_budget0.10_K947_seed2_OHS-XORp75.json
0.1,Random,2,97.171974522293,947,imagenet10_resnet18_budget0.10_K947_seed2_Random.json
0.3,Disc-Hard,0,98.21656050955414,2841,imagenet10_resnet18_budget0.30_K2841_seed0_Disc-Hard.json
0.3,Gen-Hard,0,96.81528662420382,2841,imagenet10_resnet18_budget0.30_K2841_seed0_Gen-Hard.json
0.3,OHS-XOR(p75),0,98.44585987261146,2841,imagenet10_resnet18_budget0.30_K2841_seed0_OHS-XORp75.json
0.3,Random,0,97.73248407643312,2841,imagenet10_resnet18_budget0.30_K2841_seed0_Random.json
0.3,Disc-Hard,1,98.1656050955414,2841,imagenet10_resnet18_budget0.30_K2841_seed1_Disc-Hard.json
0.3,Gen-Hard,1,96.61146496815287,2841,imagenet10_resnet18_budget0.30_K2841_seed1_Gen-Hard.json
0.3,OHS-XOR(p75),1,97.80891719745223,2841,imagenet10_resnet18_budget0.30_K2841_seed1_OHS-XORp75.json
0.3,Random,1,97.70700636942675,2841,imagenet10_resnet18_budget0.30_K2841_seed1_Random.json
0.3,Disc-Hard,2,98.26751592356688,2841,imagenet10_resnet18_budget0.30_K2841_seed2_Disc-Hard.json
0.3,Gen-Hard,2,97.22292993630573,2841,imagenet10_resnet18_budget0.30_K2841_seed2_Gen-Hard.json
0.3,OHS-XOR(p75),2,98.14012738853503,2841,imagenet10_resnet18_budget0.30_K2841_seed2_OHS-XORp75.json
0.3,Random,2,97.75796178343948,2841,imagenet10_resnet18_budget0.30_K2841_seed2_Random.json
