source_project,source_file,destination,source_sha256,release_sha256,transformation,classification
cohe_anonymous_code_release,cohe_anonymous_code_release/rebuttal_addendum_20260728_dinov2_clean_5seed/LICENSE_SCOPE.md,experiments/dinov2_gate3/LICENSE_SCOPE.md,7119890da0e151dfe78d738eea61eb21610eb36e72ed40b096e9efe4041bf3f2,7119890da0e151dfe78d738eea61eb21610eb36e72ed40b096e9efe4041bf3f2,byte-identical,DERIVED_NUMERIC_DATA
cohe_anonymous_code_release,cohe_anonymous_code_release/rebuttal_addendum_20260728_dinov2_clean_5seed/REPRODUCTION_MATRIX.md,experiments/dinov2_gate3/REPRODUCTION_MATRIX.md,4e5fb3e9904fc4f8be726e8c88396d8fd2fef816a6f90ede2e362ea358683231,4e5fb3e9904fc4f8be726e8c88396d8fd2fef816a6f90ede2e362ea358683231,byte-identical,DERIVED_NUMERIC_DATA
cohe_anonymous_code_release,cohe_anonymous_code_release/rebuttal_addendum_20260728_dinov2_clean_5seed/UPLOAD_INVENTORY.csv,experiments/dinov2_gate3/UPLOAD_INVENTORY.csv,affc0800a56ddcf7a7a478a87dfc7c8950cbf5ccb9648490b6d88d0b01eaf123,affc0800a56ddcf7a7a478a87dfc7c8950cbf5ccb9648490b6d88d0b01eaf123,byte-identical,DERIVED_NUMERIC_DATA
cohe_anonymous_code_release,cohe_anonymous_code_release/rebuttal_addendum_20260728_dinov2_clean_5seed/HISTORICAL_RECORDS.md,experiments/dinov2_gate3/HISTORICAL_RECORDS.md,90a2af966756ece000acaca359a16bd9e52da2c322c5592a1d9bc2f18cc4c2e4,90a2af966756ece000acaca359a16bd9e52da2c322c5592a1d9bc2f18cc4c2e4,byte-identical,DERIVED_NUMERIC_DATA
cohe_anonymous_code_release,cohe_anonymous_code_release/rebuttal_addendum_20260728_dinov2_clean_5seed/CHECKSUMS.sha256,experiments/dinov2_gate3/CHECKSUMS.sha256,d442313434d4e341d065b1bd6e41c159748223a547ebf863d7400bd0e0aac660,d442313434d4e341d065b1bd6e41c159748223a547ebf863d7400bd0e0aac660,byte-identical,DERIVED_NUMERIC_DATA
cohe_anonymous_code_release,cohe_anonymous_code_release/rebuttal_addendum_20260728_dinov2_clean_5seed/reproduction/reproduce_clean_statistics.py,experiments/dinov2_gate3/reproduction/reproduce_clean_statistics.py,bb5f006bf636cc86d4a6b1bbb53c782051d8d66b32fa9b8153e2603279bc7619,bb5f006bf636cc86d4a6b1bbb53c782051d8d66b32fa9b8153e2603279bc7619,byte-identical,AUTHOR_CREATED
cohe_anonymous_code_release,cohe_anonymous_code_release/rebuttal_addendum_20260728_dinov2_clean_5seed/selectors/ordinary10_random_seed1.indices.npy,experiments/dinov2_gate3/selectors/ordinary10_random_seed1.indices.npy,b9681128946a2425232268fcd848d2c97c4bcff8e916d65b633c3de722b83ed3,b9681128946a2425232268fcd848d2c97c4bcff8e916d65b633c3de722b83ed3,byte-identical,DERIVED_NUMERIC_DATA
cohe_anonymous_code_release,cohe_anonymous_code_release/rebuttal_addendum_20260728_dinov2_clean_5seed/selectors/ordinary10_hard_seed3.indices.npy,experiments/dinov2_gate3/selectors/ordinary10_hard_seed3.indices.npy,07252432ed95dd1cda15273c60f0dde7a4d7b3eeba7207a75864662dd672a6d5,07252432ed95dd1cda15273c60f0dde7a4d7b3eeba7207a75864662dd672a6d5,byte-identical,DERIVED_NUMERIC_DATA
cohe_anonymous_code_release,cohe_anonymous_code_release/rebuttal_addendum_20260728_dinov2_clean_5seed/selectors/ordinary10_hard_seed1.indices.npy,experiments/dinov2_gate3/selectors/ordinary10_hard_seed1.indices.npy,07252432ed95dd1cda15273c60f0dde7a4d7b3eeba7207a75864662dd672a6d5,07252432ed95dd1cda15273c60f0dde7a4d7b3eeba7207a75864662dd672a6d5,byte-identical,DERIVED_NUMERIC_DATA
cohe_anonymous_code_release,cohe_anonymous_code_release/rebuttal_addendum_20260728_dinov2_clean_5seed/selectors/ordinary10_random_seed2.indices.npy,experiments/dinov2_gate3/selectors/ordinary10_random_seed2.indices.npy,5ef7520610eac5b8e950373e6c05f1a3a1bd9fea7e620c6d32f7279f01dd3bc7,5ef7520610eac5b8e950373e6c05f1a3a1bd9fea7e620c6d32f7279f01dd3bc7,byte-identical,DERIVED_NUMERIC_DATA
cohe_anonymous_code_release,cohe_anonymous_code_release/rebuttal_addendum_20260728_dinov2_clean_5seed/selectors/ordinary10_hard_seed0.indices.npy,experiments/dinov2_gate3/selectors/ordinary10_hard_seed0.indices.npy,07252432ed95dd1cda15273c60f0dde7a4d7b3eeba7207a75864662dd672a6d5,07252432ed95dd1cda15273c60f0dde7a4d7b3eeba7207a75864662dd672a6d5,byte-identical,DERIVED_NUMERIC_DATA
cohe_anonymous_code_release,cohe_anonymous_code_release/rebuttal_addendum_20260728_dinov2_clean_5seed/selectors/ordinary10_random_seed3.indices.npy,experiments/dinov2_gate3/selectors/ordinary10_random_seed3.indices.npy,f10e28f5071c6aba120d48f777b753deeb66ad6cdf0e4929114cf990213dee00,f10e28f5071c6aba120d48f777b753deeb66ad6cdf0e4929114cf990213dee00,byte-identical,DERIVED_NUMERIC_DATA
cohe_anonymous_code_release,cohe_anonymous_code_release/rebuttal_addendum_20260728_dinov2_clean_5seed/selectors/ordinary10_random_seed0.indices.npy,experiments/dinov2_gate3/selectors/ordinary10_random_seed0.indices.npy,4a314a9e1082b353cbe8bea1df2deb82e16a7d95a5b7761650a8638266bf8570,4a314a9e1082b353cbe8bea1df2deb82e16a7d95a5b7761650a8638266bf8570,byte-identical,DERIVED_NUMERIC_DATA
cohe_anonymous_code_release,cohe_anonymous_code_release/rebuttal_addendum_20260728_dinov2_clean_5seed/selectors/ordinary10_random_seed4.indices.npy,experiments/dinov2_gate3/selectors/ordinary10_random_seed4.indices.npy,2a721c00352463934c6cae5f814a98a500e3282e628ef1f830757abc1d49b2ca,2a721c00352463934c6cae5f814a98a500e3282e628ef1f830757abc1d49b2ca,byte-identical,DERIVED_NUMERIC_DATA
cohe_anonymous_code_release,cohe_anonymous_code_release/rebuttal_addendum_20260728_dinov2_clean_5seed/selectors/ordinary10_hard_seed2.indices.npy,experiments/dinov2_gate3/selectors/ordinary10_hard_seed2.indices.npy,07252432ed95dd1cda15273c60f0dde7a4d7b3eeba7207a75864662dd672a6d5,07252432ed95dd1cda15273c60f0dde7a4d7b3eeba7207a75864662dd672a6d5,byte-identical,DERIVED_NUMERIC_DATA
cohe_anonymous_code_release,cohe_anonymous_code_release/rebuttal_addendum_20260728_dinov2_clean_5seed/selectors/ordinary10_hard_seed4.indices.npy,experiments/dinov2_gate3/selectors/ordinary10_hard_seed4.indices.npy,07252432ed95dd1cda15273c60f0dde7a4d7b3eeba7207a75864662dd672a6d5,07252432ed95dd1cda15273c60f0dde7a4d7b3eeba7207a75864662dd672a6d5,byte-identical,DERIVED_NUMERIC_DATA
cohe_anonymous_code_release,cohe_anonymous_code_release/rebuttal_addendum_20260728_dinov2_clean_5seed/selectors/selector_hashes.tsv,experiments/dinov2_gate3/selectors/selector_hashes.tsv,2888fed626015df5ed192a105a31f1630937c538dc406d0fda24e106788032ab,2888fed626015df5ed192a105a31f1630937c538dc406d0fda24e106788032ab,byte-identical,DERIVED_NUMERIC_DATA
cohe_anonymous_code_release,cohe_anonymous_code_release/rebuttal_addendum_20260728_dinov2_clean_5seed/provenance/command_inventory.tsv,experiments/dinov2_gate3/provenance/command_inventory.tsv,07e3ed54f8db60da386b7883c19b1d3174f80ff383898da870711f6e1045ba7c,07e3ed54f8db60da386b7883c19b1d3174f80ff383898da870711f6e1045ba7c,byte-identical,DERIVED_NUMERIC_DATA
cohe_anonymous_code_release,cohe_anonymous_code_release/rebuttal_addendum_20260728_dinov2_clean_5seed/provenance/run_inventory_sanitized.json,experiments/dinov2_gate3/provenance/run_inventory_sanitized.json,608e8db9f8edf4a4c1a3a0bf0099b5f46fc016ff564ea4c275f800f34f2b9d88,608e8db9f8edf4a4c1a3a0bf0099b5f46fc016ff564ea4c275f800f34f2b9d88,byte-identical,DERIVED_NUMERIC_DATA
cohe_anonymous_code_release,cohe_anonymous_code_release/rebuttal_addendum_20260728_dinov2_clean_5seed/provenance/initial_state_hashes_seed012.tsv,experiments/dinov2_gate3/provenance/initial_state_hashes_seed012.tsv,2f09186e800ec144cb147dba033b2f51219bdd2d571c3757310953502e003232,2f09186e800ec144cb147dba033b2f51219bdd2d571c3757310953502e003232,byte-identical,DERIVED_NUMERIC_DATA
cohe_anonymous_code_release,cohe_anonymous_code_release/rebuttal_addendum_20260728_dinov2_clean_5seed/provenance/HISTORICAL_ROUNDED_RECORDS_NOT_USED.txt,experiments/dinov2_gate3/provenance/HISTORICAL_ROUNDED_RECORDS_NOT_USED.txt,69037ed2fa4da3312ae57108ef8f02b5f30c8aab609a9b8da66e5c959c084715,69037ed2fa4da3312ae57108ef8f02b5f30c8aab609a9b8da66e5c959c084715,byte-identical,DERIVED_NUMERIC_DATA
cohe_anonymous_code_release,cohe_anonymous_code_release/rebuttal_addendum_20260728_dinov2_clean_5seed/provenance/initial_state_hashes_seed34_status.tsv,experiments/dinov2_gate3/provenance/initial_state_hashes_seed34_status.tsv,188be3fa09e446aaf006db846cb0a0c1570970f1245097e2fa60d24d92291ca1,188be3fa09e446aaf006db846cb0a0c1570970f1245097e2fa60d24d92291ca1,byte-identical,DERIVED_NUMERIC_DATA
cohe_anonymous_code_release,cohe_anonymous_code_release/rebuttal_addendum_20260728_dinov2_clean_5seed/provenance/runner_and_config_hashes.tsv,experiments/dinov2_gate3/provenance/runner_and_config_hashes.tsv,18f75d9123d6fdbc9fd703a3e5e009f98cde1b585bfbee1b6bbc2b2f3d6d286d,18f75d9123d6fdbc9fd703a3e5e009f98cde1b585bfbee1b6bbc2b2f3d6d286d,byte-identical,DERIVED_NUMERIC_DATA
cohe_anonymous_code_release,cohe_anonymous_code_release/rebuttal_addendum_20260728_dinov2_clean_5seed/statistics/dinov2_clean_5seed_all_conditions.csv,experiments/dinov2_gate3/statistics/dinov2_clean_5seed_all_conditions.csv,528566cdbcd659ce729e16e6dd85102278282984850acfb057e24e8f7462ff4a,528566cdbcd659ce729e16e6dd85102278282984850acfb057e24e8f7462ff4a,byte-identical,DERIVED_NUMERIC_DATA
cohe_anonymous_code_release,cohe_anonymous_code_release/rebuttal_addendum_20260728_dinov2_clean_5seed/statistics/ordinary10_clean_5seed_seed_level.csv,experiments/dinov2_gate3/statistics/ordinary10_clean_5seed_seed_level.csv,24ec720b9463d25f642af0155c2c4be3e02180790cd65d82e3f347fc90861711,24ec720b9463d25f642af0155c2c4be3e02180790cd65d82e3f347fc90861711,byte-identical,DERIVED_NUMERIC_DATA
cohe_anonymous_code_release,cohe_anonymous_code_release/rebuttal_addendum_20260728_dinov2_clean_5seed/statistics/dinov2_clean_5seed_all_conditions.json,experiments/dinov2_gate3/statistics/dinov2_clean_5seed_all_conditions.json,5f3b511d4909b7fe16919be17ec9c0157567d5d2c5a8a9bd871d8fe547b1225c,5f3b511d4909b7fe16919be17ec9c0157567d5d2c5a8a9bd871d8fe547b1225c,byte-identical,DERIVED_NUMERIC_DATA
cohe_anonymous_code_release,cohe_anonymous_code_release/rebuttal_addendum_20260728_dinov2_clean_5seed/statistics/dino_final_clean_5seed_validation.md,experiments/dinov2_gate3/statistics/dino_final_clean_5seed_validation.md,b31f2e4e4043f2c3082c916255e000637b35a75274c2bbc34a94976d54b44b72,b31f2e4e4043f2c3082c916255e000637b35a75274c2bbc34a94976d54b44b72,byte-identical,DERIVED_NUMERIC_DATA
cohe_anonymous_code_release,cohe_anonymous_code_release/rebuttal_addendum_20260728_dinov2_clean_5seed/statistics/ordinary10_clean_5seed_statistics.md,experiments/dinov2_gate3/statistics/ordinary10_clean_5seed_statistics.md,30f395cb0c7c62f0ecbd9c912b7b79003b4e583adbc626801187b9b90329278f,30f395cb0c7c62f0ecbd9c912b7b79003b4e583adbc626801187b9b90329278f,byte-identical,DERIVED_NUMERIC_DATA
cohe_anonymous_code_release,cohe_anonymous_code_release/rebuttal_addendum_20260728_dinov2_clean_5seed/statistics/ordinary10_clean_5seed_statistics.json,experiments/dinov2_gate3/statistics/ordinary10_clean_5seed_statistics.json,1e1f08f4b8f8694d549ce73ffc9df89237c119ef49424725296c449434ed48ff,1e1f08f4b8f8694d549ce73ffc9df89237c119ef49424725296c449434ed48ff,byte-identical,DERIVED_NUMERIC_DATA
cohe_anonymous_code_release,cohe_anonymous_code_release/rebuttal_addendum_20260727/full_data_ordering/reproduce_statistics.py,experiments/ddpm_ordering/reproduce_statistics.py,78cbb533a517e087632531439774ccc86ce9661b75d3c6999359b04463c09c5b,78cbb533a517e087632531439774ccc86ce9661b75d3c6999359b04463c09c5b,byte-identical,AUTHOR_CREATED
cohe_anonymous_code_release,cohe_anonymous_code_release/rebuttal_addendum_20260727/full_data_ordering/summary.json,experiments/ddpm_ordering/summary.json,71ca421baff39af3b6a07275cd9e92f6e1f8319b129cb8bf988b661c3b549d42,71ca421baff39af3b6a07275cd9e92f6e1f8319b129cb8bf988b661c3b549d42,byte-identical,DERIVED_NUMERIC_DATA
cohe_anonymous_code_release,cohe_anonymous_code_release/rebuttal_addendum_20260727/full_data_ordering/construct_blocked_order.py,experiments/ddpm_ordering/construct_blocked_order.py,5989e690bb16d26d123e05253b9a818e7475923c15d6518e459a9be582a5fd78,5989e690bb16d26d123e05253b9a818e7475923c15d6518e459a9be582a5fd78,byte-identical,AUTHOR_CREATED
cohe_anonymous_code_release,cohe_anonymous_code_release/rebuttal_addendum_20260727/full_data_ordering/per_seed_results.csv,experiments/ddpm_ordering/per_seed_results.csv,254bf32a28f43e2cee8ae0925c3938e3a6a2a5c4a4c1142a119f7f5be0fd111d,254bf32a28f43e2cee8ae0925c3938e3a6a2a5c4a4c1142a119f7f5be0fd111d,byte-identical,DERIVED_NUMERIC_DATA
cohe_anonymous_code_release,cohe_anonymous_code_release/rebuttal_addendum_20260727/full_data_ordering/ordering_metadata/bin_membership_summary.json,experiments/ddpm_ordering/ordering_metadata/bin_membership_summary.json,e17d6a3d6a00187a2bb127f82419b014460f49561219ac1dda831a5f5f4fb559,e17d6a3d6a00187a2bb127f82419b014460f49561219ac1dda831a5f5f4fb559,byte-identical,DERIVED_NUMERIC_DATA
cohe_anonymous_code_release,cohe_anonymous_code_release/rebuttal_addendum_20260727/full_data_ordering/ordering_metadata/bin_membership.csv.gz,experiments/ddpm_ordering/ordering_metadata/bin_membership.csv.gz,e1c2e7347a44ba4da1fa39e75f6bd1c1e43b7510e75144334c2909c02cff9266,e1c2e7347a44ba4da1fa39e75f6bd1c1e43b7510e75144334c2909c02cff9266,byte-identical,DERIVED_NUMERIC_DATA
cohe_anonymous_code_release,cohe_anonymous_code_release/rebuttal_addendum_20260727/full_data_ordering/configs/order_config.json,experiments/ddpm_ordering/configs/order_config.json,53f869b3d524517902b8a30b7ceaca95123b1697453d2e0c73c5f0f044656415,53f869b3d524517902b8a30b7ceaca95123b1697453d2e0c73c5f0f044656415,byte-identical,DERIVED_NUMERIC_DATA
cohe_anonymous_code_release,cohe_anonymous_code_release/rebuttal_addendum_20260729_imagenet1k_gate3/RUN_INVENTORY.csv,experiments/imagenet1k_vae_gate3/RUN_INVENTORY.csv,5e59e8cae884db22d6b1c64ff47ee3a7edc27a1043f5fcaab2059395a41625dd,5e59e8cae884db22d6b1c64ff47ee3a7edc27a1043f5fcaab2059395a41625dd,byte-identical,DERIVED_NUMERIC_DATA
cohe_anonymous_code_release,cohe_anonymous_code_release/rebuttal_addendum_20260729_imagenet1k_gate3/VALIDATION_REPORT.md,experiments/imagenet1k_vae_gate3/VALIDATION_REPORT.md,6685399920ee7ff225d98061eef26da6181051e08d9876d0ab5910983fc20d0f,6685399920ee7ff225d98061eef26da6181051e08d9876d0ab5910983fc20d0f,byte-identical,DERIVED_NUMERIC_DATA
cohe_anonymous_code_release,cohe_anonymous_code_release/rebuttal_addendum_20260729_imagenet1k_gate3/LICENSE_SCOPE.md,experiments/imagenet1k_vae_gate3/LICENSE_SCOPE.md,4a48b0fbc6de6ed1e5c31953c1fb6c265cfc9c99f68da05fe29ed0df49f27842,4a48b0fbc6de6ed1e5c31953c1fb6c265cfc9c99f68da05fe29ed0df49f27842,byte-identical,DERIVED_NUMERIC_DATA
cohe_anonymous_code_release,cohe_anonymous_code_release/rebuttal_addendum_20260729_imagenet1k_gate3/SEED_LEVEL_RESULTS.csv,experiments/imagenet1k_vae_gate3/SEED_LEVEL_RESULTS.csv,5d01f0767d3b62ec0ce2fd0423d54bf97dcf0e859be3049e1b2a68107f494721,5d01f0767d3b62ec0ce2fd0423d54bf97dcf0e859be3049e1b2a68107f494721,byte-identical,DERIVED_NUMERIC_DATA
cohe_anonymous_code_release,cohe_anonymous_code_release/rebuttal_addendum_20260729_imagenet1k_gate3/REPRODUCTION_MATRIX.md,experiments/imagenet1k_vae_gate3/REPRODUCTION_MATRIX.md,465586cc336c6cd7a10a0d01a0144924ead572fc6ddb21899adde52c1c7092a3,465586cc336c6cd7a10a0d01a0144924ead572fc6ddb21899adde52c1c7092a3,byte-identical,DERIVED_NUMERIC_DATA
cohe_anonymous_code_release,cohe_anonymous_code_release/rebuttal_addendum_20260729_imagenet1k_gate3/FINAL_STATISTICS.json,experiments/imagenet1k_vae_gate3/FINAL_STATISTICS.json,6ab2ae7a8100fb42df2f0a1aff13b59e993945a60ab8f299bab254ecfab2efdd,6ab2ae7a8100fb42df2f0a1aff13b59e993945a60ab8f299bab254ecfab2efdd,byte-identical,DERIVED_NUMERIC_DATA
cohe_anonymous_code_release,cohe_anonymous_code_release/rebuttal_addendum_20260729_imagenet1k_gate3/CHECKPOINT_POLICY_AUDIT.md,experiments/imagenet1k_vae_gate3/CHECKPOINT_POLICY_AUDIT.md,d6f16398102cab328dfe9576328790bcf0db72b48565d31cdbb20be2050ffe8f,d6f16398102cab328dfe9576328790bcf0db72b48565d31cdbb20be2050ffe8f,byte-identical,DERIVED_NUMERIC_DATA
cohe_anonymous_code_release,cohe_anonymous_code_release/rebuttal_addendum_20260729_imagenet1k_gate3/SCORE_ALIGNMENT.md,experiments/imagenet1k_vae_gate3/SCORE_ALIGNMENT.md,b0a3f1743ab28a7e1b54e9322423339a5ffe09f910272589753be73c8ca81344,b0a3f1743ab28a7e1b54e9322423339a5ffe09f910272589753be73c8ca81344,byte-identical,DERIVED_NUMERIC_DATA
cohe_anonymous_code_release,cohe_anonymous_code_release/rebuttal_addendum_20260729_imagenet1k_gate3/imagenet1k_gate3_source_of_truth.json,experiments/imagenet1k_vae_gate3/imagenet1k_gate3_source_of_truth.json,616408629a3d3e16cc7768d5e54a4316708feeb6497a6b2b206647962023f8ab,616408629a3d3e16cc7768d5e54a4316708feeb6497a6b2b206647962023f8ab,byte-identical,DERIVED_NUMERIC_DATA
cohe_anonymous_code_release,cohe_anonymous_code_release/rebuttal_addendum_20260729_imagenet1k_gate3/CHECKSUMS.sha256,experiments/imagenet1k_vae_gate3/CHECKSUMS.sha256,050d5b21f08182ee5cddfef290517de14cbfe8feacb441f20be81bc8e999ab4b,050d5b21f08182ee5cddfef290517de14cbfe8feacb441f20be81bc8e999ab4b,byte-identical,DERIVED_NUMERIC_DATA
cohe_anonymous_code_release,cohe_anonymous_code_release/rebuttal_addendum_20260729_imagenet1k_gate3/reproduction/verify_statistics.py,experiments/imagenet1k_vae_gate3/reproduction/verify_statistics.py,1fa3ff853db89449d834f61ffc75d3070d87d5372d9b9129054e30714adc3271,1fa3ff853db89449d834f61ffc75d3070d87d5372d9b9129054e30714adc3271,byte-identical,AUTHOR_CREATED
cohe_anonymous_code_release,cohe_anonymous_code_release/rebuttal_addendum_20260727/cifar100_proxy_arrays/checksums.sha256,derived_scalar_arrays/cifar100/checksums.sha256,06229dd504f6d6f9d4b4082d1c0e61cc52785aebbc830a3b607f51f6686094d8,06229dd504f6d6f9d4b4082d1c0e61cc52785aebbc830a3b607f51f6686094d8,byte-identical,DERIVED_NUMERIC_DATA
cohe_anonymous_code_release,cohe_anonymous_code_release/rebuttal_addendum_20260727/cifar100_proxy_arrays/arrays/sdvae_scores.npy,derived_scalar_arrays/cifar100/arrays/sdvae_scores.npy,e774f5e5d1112ba983a4f568c74a7efa097302b5796c01cd7bec0144f7564e17,e774f5e5d1112ba983a4f568c74a7efa097302b5796c01cd7bec0144f7564e17,byte-identical,DERIVED_NUMERIC_DATA
cohe_anonymous_code_release,cohe_anonymous_code_release/rebuttal_addendum_20260727/cifar100_proxy_arrays/arrays/ddim_scores.npy,derived_scalar_arrays/cifar100/arrays/ddim_scores.npy,9ba28caf194edf1e8f4602af8825f77e3cf31615c01a0deef2ff2392acb3b682,9ba28caf194edf1e8f4602af8825f77e3cf31615c01a0deef2ff2392acb3b682,byte-identical,DERIVED_NUMERIC_DATA
cohe_anonymous_code_release,cohe_anonymous_code_release/rebuttal_addendum_20260727/cifar100_proxy_arrays/arrays/dinov2_scores.npy,derived_scalar_arrays/cifar100/arrays/dinov2_scores.npy,6281ef06cbb5209983b0d69cf048c853d542e9cf0c167db83bf38fd9940241da,6281ef06cbb5209983b0d69cf048c853d542e9cf0c167db83bf38fd9940241da,byte-identical,DERIVED_NUMERIC_DATA
cohe_anonymous_code_release,cohe_anonymous_code_release/rebuttal_addendum_20260727/cifar100_proxy_arrays/arrays/sd15_scores.npy,derived_scalar_arrays/cifar100/arrays/sd15_scores.npy,8091e8cb7238eec4c3e67025f904b43025e95d711e176fdb76f977937163336c,8091e8cb7238eec4c3e67025f904b43025e95d711e176fdb76f977937163336c,byte-identical,DERIVED_NUMERIC_DATA
cohe_anonymous_code_release,cohe_anonymous_code_release/rebuttal_addendum_20260727/cifar100_proxy_arrays/arrays/convae_scores.npy,derived_scalar_arrays/cifar100/arrays/convae_scores.npy,517c34a137bbb63aa22d9754ad8ca3892c0a2075c4d3c732b6c386aa5065d8f2,517c34a137bbb63aa22d9754ad8ca3892c0a2075c4d3c732b6c386aa5065d8f2,byte-identical,DERIVED_NUMERIC_DATA
cohe_anonymous_code_release,cohe_anonymous_code_release/rebuttal_addendum_20260727/cifar100_proxy_arrays/arrays/ddpm_scores.npy,derived_scalar_arrays/cifar100/arrays/ddpm_scores.npy,c7ffeaba16c0c53e23ce15c631c065c70d3196a50be1286f830fd7ca0f15299c,c7ffeaba16c0c53e23ce15c631c065c70d3196a50be1286f830fd7ca0f15299c,byte-identical,DERIVED_NUMERIC_DATA
cohe_anonymous_code_release,cohe_anonymous_code_release/rebuttal_addendum_20260727/cifar100_proxy_arrays/arrays/emu3_vq_scores.npy,derived_scalar_arrays/cifar100/arrays/emu3_vq_scores.npy,b3c2b51024231d17f72a004930579fa68f650c9e6336682a131c04cbb7be083a,b3c2b51024231d17f72a004930579fa68f650c9e6336682a131c04cbb7be083a,byte-identical,DERIVED_NUMERIC_DATA
cohe_anonymous_code_release,cohe_anonymous_code_release/rebuttal_addendum_20260727/cifar100_proxy_arrays/manifests/ddim_manifest.csv.gz,derived_scalar_arrays/cifar100/manifests/ddim_manifest.csv.gz,a91a786a6dce3255cb25bf13b70ccd794d8896fafee200ac390282f1e69178cd,a91a786a6dce3255cb25bf13b70ccd794d8896fafee200ac390282f1e69178cd,byte-identical,DERIVED_NUMERIC_DATA
cohe_anonymous_code_release,cohe_anonymous_code_release/rebuttal_addendum_20260727/cifar100_proxy_arrays/manifests/convae_manifest.csv.gz,derived_scalar_arrays/cifar100/manifests/convae_manifest.csv.gz,f15188434923bf8b0c7764b2b3c31dbef61b409e96a0e62ff7ccb420723109b3,f15188434923bf8b0c7764b2b3c31dbef61b409e96a0e62ff7ccb420723109b3,byte-identical,DERIVED_NUMERIC_DATA
cohe_anonymous_code_release,cohe_anonymous_code_release/rebuttal_addendum_20260727/cifar100_proxy_arrays/manifests/ddpm_manifest.csv.gz,derived_scalar_arrays/cifar100/manifests/ddpm_manifest.csv.gz,c2cf85a000b840921d4dd84fadbf6177c67e0fa586c31bbb29a981b403fa8049,c2cf85a000b840921d4dd84fadbf6177c67e0fa586c31bbb29a981b403fa8049,byte-identical,DERIVED_NUMERIC_DATA
cohe_anonymous_code_release,cohe_anonymous_code_release/rebuttal_addendum_20260727/cifar100_proxy_arrays/manifests/emu3_vq_manifest.csv.gz,derived_scalar_arrays/cifar100/manifests/emu3_vq_manifest.csv.gz,f04a80c8a939f116484231d514b2912cd44ea49a127f04fbb9e82ff27fc1c355,f04a80c8a939f116484231d514b2912cd44ea49a127f04fbb9e82ff27fc1c355,byte-identical,DERIVED_NUMERIC_DATA
cohe_anonymous_code_release,cohe_anonymous_code_release/rebuttal_addendum_20260727/cifar100_proxy_arrays/manifests/sd15_manifest.csv.gz,derived_scalar_arrays/cifar100/manifests/sd15_manifest.csv.gz,94de93fa8287711f38ba20121bd3c29ba3ccbd9ab03afcaec795d32b4b8e89db,94de93fa8287711f38ba20121bd3c29ba3ccbd9ab03afcaec795d32b4b8e89db,byte-identical,DERIVED_NUMERIC_DATA
cohe_anonymous_code_release,cohe_anonymous_code_release/rebuttal_addendum_20260727/cifar100_proxy_arrays/manifests/dinov2_manifest.csv.gz,derived_scalar_arrays/cifar100/manifests/dinov2_manifest.csv.gz,bf15f072cbdb181d0a87ff0f62444102162d2d09ea6674bffe9731c4f3176e6a,bf15f072cbdb181d0a87ff0f62444102162d2d09ea6674bffe9731c4f3176e6a,byte-identical,DERIVED_NUMERIC_DATA
cohe_anonymous_code_release,cohe_anonymous_code_release/rebuttal_addendum_20260727/cifar100_proxy_arrays/manifests/sdvae_manifest.csv.gz,derived_scalar_arrays/cifar100/manifests/sdvae_manifest.csv.gz,e7882bb2987fe436edbc9543df12515131ad9e2816eed7614e446ab5964e59e3,e7882bb2987fe436edbc9543df12515131ad9e2816eed7614e446ab5964e59e3,byte-identical,DERIVED_NUMERIC_DATA
cohe_anonymous_code_release,cohe_anonymous_code_release/rebuttal_addendum_20260727/cifar100_proxy_arrays/metadata/sd15_metadata.json,derived_scalar_arrays/cifar100/metadata/sd15_metadata.json,cba4d748d37ae237ad046613041237eabf3322f1408f103b51b79845e25d56f5,cba4d748d37ae237ad046613041237eabf3322f1408f103b51b79845e25d56f5,byte-identical,DERIVED_NUMERIC_DATA
cohe_anonymous_code_release,cohe_anonymous_code_release/rebuttal_addendum_20260727/cifar100_proxy_arrays/metadata/convae_metadata.json,derived_scalar_arrays/cifar100/metadata/convae_metadata.json,3febdd99c653a5e06dcca7a0a6ed06b69c7ceea7bff299ae06aad6fa1ff059fb,3febdd99c653a5e06dcca7a0a6ed06b69c7ceea7bff299ae06aad6fa1ff059fb,byte-identical,DERIVED_NUMERIC_DATA
cohe_anonymous_code_release,cohe_anonymous_code_release/rebuttal_addendum_20260727/cifar100_proxy_arrays/metadata/dinov2_metadata.json,derived_scalar_arrays/cifar100/metadata/dinov2_metadata.json,713a2f2c7de3e89d09c73e57a254ebd41a2da7f9b71ea9214a2a433287e18f35,713a2f2c7de3e89d09c73e57a254ebd41a2da7f9b71ea9214a2a433287e18f35,byte-identical,DERIVED_NUMERIC_DATA
cohe_anonymous_code_release,cohe_anonymous_code_release/rebuttal_addendum_20260727/cifar100_proxy_arrays/metadata/sdvae_metadata.json,derived_scalar_arrays/cifar100/metadata/sdvae_metadata.json,0a9bd43df19167cc40883a66e7ffbf9d503a3426e961078807f78a05d33db32b,0a9bd43df19167cc40883a66e7ffbf9d503a3426e961078807f78a05d33db32b,byte-identical,DERIVED_NUMERIC_DATA
cohe_anonymous_code_release,cohe_anonymous_code_release/rebuttal_addendum_20260727/cifar100_proxy_arrays/metadata/emu3_vq_metadata.json,derived_scalar_arrays/cifar100/metadata/emu3_vq_metadata.json,fe515fac3a912158b41a17707e05c5daf9b8a6b9d0592855d2f3fe4597d36b0c,fe515fac3a912158b41a17707e05c5daf9b8a6b9d0592855d2f3fe4597d36b0c,byte-identical,DERIVED_NUMERIC_DATA
cohe_anonymous_code_release,cohe_anonymous_code_release/rebuttal_addendum_20260727/cifar100_proxy_arrays/metadata/ddim_metadata.json,derived_scalar_arrays/cifar100/metadata/ddim_metadata.json,ac16d671832998ffba756594472a25d5a6a72922589a3661b7fc73075c192e9b,ac16d671832998ffba756594472a25d5a6a72922589a3661b7fc73075c192e9b,byte-identical,DERIVED_NUMERIC_DATA
cohe_anonymous_code_release,cohe_anonymous_code_release/rebuttal_addendum_20260727/cifar100_proxy_arrays/metadata/ddpm_metadata.json,derived_scalar_arrays/cifar100/metadata/ddpm_metadata.json,023a3a4a28d72e67a3d455079225de3e4bccdfb3ecd02829fdc34aa4bdb59faf,023a3a4a28d72e67a3d455079225de3e4bccdfb3ecd02829fdc34aa4bdb59faf,byte-identical,DERIVED_NUMERIC_DATA
ICML,ICML/scripts_orth/alpha_mix_baseline.py,experiments/cifar100/alpha_mix_baseline.py,e837b6b402ec08832e2045039bfe860de8abb54bd296f2c9b3e7175a75719300,e837b6b402ec08832e2045039bfe860de8abb54bd296f2c9b3e7175a75719300,byte-identical,AUTHOR_CREATED
ICML,ICML/rebuttal_2026/ttal_full_response/scripts/run_w3_uncertainty_baseline.py,experiments/cifar100/run_w3_uncertainty_baseline.py,a7796b681c90936de08355ae4bbe76a520e4a6fb51fd2329912064a13a9742b4,db32b665034211b32a0bdbf68b3017122e5914466a0674c64858d786961f989d,private path/default/import relocation or publication-facing prose; numeric values/algorithms preserved,AUTHOR_CREATED
ICML,ICML/rebuttal_2026/ttal_full_response/scripts/run_w3_coreset_baseline.py,experiments/cifar100/run_w3_coreset_baseline.py,5add32f62eeed4a29abb5c08123151c4b8e15f24733048ffabf6d99d563bd15f,d86016c786cde0123fd6dd40d591ccfc23dc7942a52dc35a0ff88f5e85583dfe,private path/default/import relocation or publication-facing prose; numeric values/algorithms preserved,AUTHOR_CREATED
ICML,ICML/rebuttal_2026/ttal_full_response/scripts/run_w3_balanced_control_job.py,experiments/cifar100/run_w3_balanced_control_job.py,1e09be8333211cad481b07da3ab30bb38dfbe440b82a9a863739eb6354bbbcd8,9404637fe73f356ff448e746cbc1ed05b7ad21221d22ba3993e763dde94320c2,private path/default/import relocation or publication-facing prose; numeric values/algorithms preserved,AUTHOR_CREATED
NeurIPS,NeurIPS/scripts/run_cifar100_second_learner_transfer.py,experiments/cifar100/run_cifar100_second_learner_transfer.py,87d9f44d0e2c21849c2b7f594e4e3d0c280c6b8ccb0b3d421c87d148e896396a,87d9f44d0e2c21849c2b7f594e4e3d0c280c6b8ccb0b3d421c87d148e896396a,byte-identical,AUTHOR_CREATED
NeurIPS,NeurIPS/scripts/run_cifar100_dataset_specific_ae_proxy.py,experiments/cifar100/run_cifar100_dataset_specific_ae_proxy.py,f265d37e9932a8f0a5dde3869f2a32fe370b2d3a869df29c4c7d6bde5e0a4f13,f265d37e9932a8f0a5dde3869f2a32fe370b2d3a869df29c4c7d6bde5e0a4f13,byte-identical,AUTHOR_CREATED
NeurIPS,NeurIPS/scripts/run_dinov2_gate3_transfer.py,experiments/dinov2_gate3/run_dinov2_gate3_transfer.py,6e3fe70672d72da870a7901d73e34d39f36247ce0d48f29acb9c7dd117d65721,6e3fe70672d72da870a7901d73e34d39f36247ce0d48f29acb9c7dd117d65721,byte-identical,AUTHOR_CREATED
NeurIPS,NeurIPS/rebuttal_2026/curriculum_expansion/code/run_curriculum_with_weights.py,experiments/ddpm_ordering/run_curriculum_with_weights.py,0ebc56f562a2b6923299e8bb29f186b19f4787314a42b5910307b7739c9f329f,76ea6eb370edb6ffe7142d888872d33a92c3c505dd1575e225bb2d94e7b9163b,private path/default/import relocation or publication-facing prose; numeric values/algorithms preserved,AUTHOR_CREATED
NeurIPS,NeurIPS/scripts/run_imagenette_transfer_minimal.py,experiments/imagenet10/run_imagenette_transfer_minimal.py,57a2946b90fdf2d14d23fdc8acd4987dba477601438b09f402affc1b33de41dc,57a2946b90fdf2d14d23fdc8acd4987dba477601438b09f402affc1b33de41dc,byte-identical,AUTHOR_CREATED
NeurIPS,NeurIPS/scripts/score_imagenette_train_targets.py,experiments/imagenet10/score_imagenette_train_targets.py,462deeb6b07f4854aec9e6ebee40a92e0cbe533608bba30429ebbb63e564e08d,462deeb6b07f4854aec9e6ebee40a92e0cbe533608bba30429ebbb63e564e08d,byte-identical,AUTHOR_CREATED
ICML,ICML/COHE_ImageNet1K_Gate3_20260726/train_resnet18_gate3_20260727.py,experiments/imagenet1k_vae_gate3/train_resnet18_gate3_20260727.py,090f33ec50a3a4e97e06c8bf0bd387da7ba14cd18b8f36650dc7f1bc9fb31a39,79ad0ba74464bb27c0bb62cf65fb65d7625df01d159ec8098c773cb81bc6c36b,private path/default/import relocation or publication-facing prose; numeric values/algorithms preserved,AUTHOR_CREATED
ICML,ICML/COHE_ImageNet1K_Gate3_20260726/train_resnet18_timing_pilot_20260727.py,experiments/imagenet1k_vae_gate3/train_resnet18_timing_pilot_20260727.py,1229b5b16222cbf6064ed3150219fae1e30f96798a0b4d1b3a33439691fa1b5b,7f550f274dbf6cfa616a9604c42c6f19ad0fd2d48cf3040021a57de1ed81d649,private path/default/import relocation or publication-facing prose; numeric values/algorithms preserved,AUTHOR_CREATED
ICML,ICML/COHE_ImageNet1K_Gate3_20260726/build_vae_selections_20260727.py,experiments/imagenet1k_vae_gate3/build_vae_selections_20260727.py,9d44eb6c4bc863086f65c1e363c97ff444c65c3da5e03c31f2396d74b9a2e8b9,f8a26a5177925f1695955561ad26049d3c833565b0686844e949921c5aab51ad,private path/default/import relocation or publication-facing prose; numeric values/algorithms preserved,AUTHOR_CREATED
ICML,ICML/COHE_ImageNet1K_Gate3_20260726/score_train_vae_full_20260727.py,experiments/imagenet1k_vae_gate3/score_train_vae_full_20260727.py,ec4c8975871c5d8b8fc5aca80c45e640870c36e18680127c8c15e0e8b5f1d76a,84184c84ada75afd39f54dfe37f37762732aff2fa39f3179e171107401114936,private path/default/import relocation or publication-facing prose; numeric values/algorithms preserved,AUTHOR_CREATED
NeurIPS,NeurIPS/scripts/positive_task_aligned_control.py,experiments/controls/positive_task_aligned_control.py,f77bad370b18a8e09a1207483b4d52ff86438e24af2735e6bc3d46c51b78701e,f77bad370b18a8e09a1207483b4d52ff86438e24af2735e6bc3d46c51b78701e,byte-identical,AUTHOR_CREATED
ICML,ICML/rebuttal_2026/scripts/rebuttal_driver.py,experiments/analysis/audit_driver.py,a319a1ad6d93fd001dd64428e6ef214fd7da8290fc87ecda095639112479c314,a319a1ad6d93fd001dd64428e6ef214fd7da8290fc87ecda095639112479c314,byte-identical,AUTHOR_CREATED
ICML,ICML/rebuttal_2026/ttal_full_response/scripts/run_predictive_power_fast.py,experiments/analysis/run_predictive_power_fast.py,f5d9783dad5d924145176dbcf19db56a3c331a4717e2d18a8df75eae0c9e91a0,31ea57d8006657dc39d0f30135a881e61731eeb042a0701abfca9c18b14df465,private path/default/import relocation or publication-facing prose; numeric values/algorithms preserved,AUTHOR_CREATED
ICML,ICML/rebuttal_2026/scripts/run_training_dynamics.py,experiments/analysis/run_training_dynamics.py,8c893015b6c34ef86bc1acc4baf01fe9b55a594abba4bcca3e67ac83d5e9c75e,98cf83c5c3edb92c9aebac433fc95ab6b4c05bd41778f49f53c115c4d346fc45,private path/default/import relocation or publication-facing prose; numeric values/algorithms preserved,AUTHOR_CREATED
ICML,ICML/rebuttal_2026/ttal_full_response/scripts/analyze_epochwise_dynamics.py,experiments/analysis/analyze_epochwise_dynamics.py,6a53dc56d8bd179684dddadea572f9cca4388c1ce68309c855a2dd5fae38d0d9,bd73175b2faa9678b024a2858f913ecc9806d4a7bdbbae39090648b6aa7df972,private path/default/import relocation or publication-facing prose; numeric values/algorithms preserved,AUTHOR_CREATED
ICML,ICML/scripts_orth/01_compute_ddim_hardness.py,experiments/scoring/compute_ddim_hardness.py,f57bafa2ab8c639d683a5b72f1d800151c5955f8446c9e428fb169eb1ae2bd09,3756db35f7c19924fe86589e4e9fe74a1a001947701349826c0430b82c2d13ae,byte-identical,AUTHOR_CREATED
ICML,ICML/scripts_orth/02_compute_disc_hardness.py,experiments/scoring/compute_disc_hardness.py,181b2ac67dacde9f305f288ede0d4167e2b14ce23d95bf135622ba5181f38e5f,62ca7e01c4543de7a62a3b9a04c16f634217efd996ba98d5e7445026d729082f,byte-identical,AUTHOR_CREATED
ICML,ICML/scripts_orth/extract_gen_proxies.py,experiments/scoring/extract_gen_proxies.py,bb192ba08092c16ccbabb9f0e2b7924978ade29053ab9ecd28649dad0e924360,0d40e7457a0dc8c9f5b66cb2a035958c4dd60225c5f05f475734feb27471c065,private path/default/import relocation or publication-facing prose; numeric values/algorithms preserved,AUTHOR_CREATED
ICML,ICML/scripts_orth/clip_semantic_proxy.py,experiments/scoring/clip_semantic_proxy.py,32761cd834903ec489738b6d4170d118850da9efba960302ee5c8c0c60208652,32761cd834903ec489738b6d4170d118850da9efba960302ee5c8c0c60208652,byte-identical,AUTHOR_CREATED
ICML,ICML/rebuttal_2026/scripts/compute_cifar100_latent_roundtrip_proxy.py,experiments/scoring/compute_cifar100_latent_roundtrip_proxy.py,6993ae961bc6b49fef65b1a6a90b1e9e17345e3e49789c1bdba5b4d88707528d,6993ae961bc6b49fef65b1a6a90b1e9e17345e3e49789c1bdba5b4d88707528d,byte-identical,AUTHOR_CREATED
ICML,ICML/rebuttal_2026/ttal_full_response/scripts/compute_sd_latent_denoise_proxy.py,experiments/scoring/compute_sd_latent_denoise_proxy.py,952c33c31672601a2c95dc74a1b32674af37238029e9ecc29a630494b6105684,952c33c31672601a2c95dc74a1b32674af37238029e9ecc29a630494b6105684,byte-identical,AUTHOR_CREATED
ICML,ICML/rebuttal_2026/ttal_full_response/scripts/compute_emu3_vq_recon_proxy.py,experiments/scoring/compute_emu3_vq_recon_proxy.py,0219a9f7d3fc1a5a2edf9fd5c0c1e53454899cacf31d0c13a05c0a75fe4dae42,0219a9f7d3fc1a5a2edf9fd5c0c1e53454899cacf31d0c13a05c0a75fe4dae42,byte-identical,AUTHOR_CREATED
ICML,ICML/rebuttal_2026/ar_family_followup/scripts/compute_imagegpt_nll_proxy.py,experiments/scoring/compute_imagegpt_nll_proxy.py,61c0ff04479b3a2a3eab868d8efeda4ea0bb700b6114f18f7767aa3169835328,61c0ff04479b3a2a3eab868d8efeda4ea0bb700b6114f18f7767aa3169835328,byte-identical,AUTHOR_CREATED
ICML,ICML/rebuttal_2026/scripts/imagenet1k_parallel/compute_imagenet1k_vae_proxies.py,experiments/scoring/compute_imagenet1k_vae_proxies.py,2b40a6394b054928430949c9d82b60bb45af41bb6a92aa2606287920bc2e2bbc,2b40a6394b054928430949c9d82b60bb45af41bb6a92aa2606287920bc2e2bbc,byte-identical,AUTHOR_CREATED
ICML,ICML/rebuttal_2026/scripts/imagenet1k_parallel/compute_imagenet1k_disc_metrics.py,experiments/scoring/compute_imagenet1k_disc_metrics.py,8d7685089e1d117745f1b8000ba59c6ee28a105bdc9c58804f349e1e7892ff62,8d7685089e1d117745f1b8000ba59c6ee28a105bdc9c58804f349e1e7892ff62,byte-identical,AUTHOR_CREATED
ICML,ICML/scripts_orth/hsic_test.py,experiments/analysis/hsic_test.py,f46a4079056ffb4530c047c7f55077b827ed9fe85a4fa6d4688cbfc75c42203f,04efd4eb2137280dbded135efe9334876bc1a30b3d516d4ad0072db7da4b4ab4,private path/default/import relocation or publication-facing prose; numeric values/algorithms preserved,AUTHOR_CREATED
ICML,ICML/scripts_orth/analyze_granularity.py,experiments/analysis/analyze_granularity.py,e3b0c44298fc1c149afbf4c8996fb92427ae41e4649b934ca495991b7852b855,e3b0c44298fc1c149afbf4c8996fb92427ae41e4649b934ca495991b7852b855,byte-identical,AUTHOR_CREATED
NeurIPS,NeurIPS/results/cifar100_transfer_seed_extended_min5/aggregated/seed_level_results.csv,results/seed_level/cifar100_main/seed_level_results.csv,f284d40c4c272efee6413d8fe837cf2fb8f9c10252e64845e17c8b88325da2a7,11c7482bfbc95abe1babd3f93b410bd207fee39d298920dde8b4650ac36fc25d,private path/default/import relocation or publication-facing prose; numeric values/algorithms preserved,DERIVED_NUMERIC_DATA
NeurIPS,NeurIPS/results/cifar100_transfer_seed_extended_min5/aggregated/transfer_delta_summary.csv,results/seed_level/cifar100_main/transfer_delta_summary.csv,2c26c21a072f9e67ad593207218653dc914ead6e00494a3819e7efa7a71519e3,0422348377ddb93f83282aaa8bc3780e70b5a7a8307e929d7da7056c82e611b9,private path/default/import relocation or publication-facing prose; numeric values/algorithms preserved,DERIVED_NUMERIC_DATA
NeurIPS,NeurIPS/results/cifar100_transfer_seed_extended_min5/aggregated/transfer_accuracy_summary.csv,results/seed_level/cifar100_main/transfer_accuracy_summary.csv,08fd48984eb33f46501e4caacc9fbd5ac6266f501d384e6551808debfcf1c15f,c075fe249217409679a222997cc8da17bcc1cc4441b31b289696c4de226a0af3,private path/default/import relocation or publication-facing prose; numeric values/algorithms preserved,DERIVED_NUMERIC_DATA
NeurIPS,NeurIPS/results/cifar100_second_learner_transfer/aggregated/second_learner_transfer_delta_summary.csv,results/seed_level/cifar100_second_learner/second_learner_transfer_delta_summary.csv,3ca408dcccfae33172fc4b6847e9b9493a1592bdbe122332e61a121f6ca75604,344c5709ef2fc4104abef27ebde8d5bd11e0996db5f347977597993a145f62b3,private path/default/import relocation or publication-facing prose; numeric values/algorithms preserved,DERIVED_NUMERIC_DATA
NeurIPS,NeurIPS/results/cifar100_second_learner_transfer/aggregated/second_learner_seed_level_results.csv,results/seed_level/cifar100_second_learner/second_learner_seed_level_results.csv,e3c432cd2aa7bf1084f7821cc53660029eb3bd6436d5854371dfd9a7bcf998fb,8687cf987936fcbd19e34df7b7e9b46e49dfeadcc5c4e1ec45cd19c8ab22c189,private path/default/import relocation or publication-facing prose; numeric values/algorithms preserved,DERIVED_NUMERIC_DATA
NeurIPS,NeurIPS/results/cifar100_second_learner_transfer/aggregated/second_learner_accuracy_summary.csv,results/seed_level/cifar100_second_learner/second_learner_accuracy_summary.csv,1069bfa78aa6fcd565d7d19cb8b7df443457d0805a3f492167e6211436d270f9,5895fe4d5ba22615c28a94cc5fc91b13e27bbdfc5e65acaaa0ad378a9c53f7d7,private path/default/import relocation or publication-facing prose; numeric values/algorithms preserved,DERIVED_NUMERIC_DATA
NeurIPS,NeurIPS/results/imagenette_transfer_minimal/aggregated/imagenette_accuracy_summary.csv,results/seed_level/imagenet10/imagenette_accuracy_summary.csv,a9789aab4338aef8ef6aeb5de444d9b362bb0d2fd6d1898b19882713f0c962fd,d94c72ce0db2a6f4f10fbbd7552fc4d41658a8f8c2b294b89cc8d6652d951393,private path/default/import relocation or publication-facing prose; numeric values/algorithms preserved,DERIVED_NUMERIC_DATA
NeurIPS,NeurIPS/results/imagenette_transfer_minimal/aggregated/imagenette_transfer_delta_summary.csv,results/seed_level/imagenet10/imagenette_transfer_delta_summary.csv,3e4f031a764eac8ab7228321ffc3c6523192dd2da30d24743ef60a5090a92fda,003d787b790ce990bc7791c9381d2ead944f06565bfa03de31241df5739d5721,private path/default/import relocation or publication-facing prose; numeric values/algorithms preserved,DERIVED_NUMERIC_DATA
NeurIPS,NeurIPS/results/imagenette_transfer_minimal/aggregated/imagenette_seed_level_results.csv,results/seed_level/imagenet10/imagenette_seed_level_results.csv,1a35afed00490b0268b6ea23e17ae93d0298024ce57c7885607a2b3c6f88de3c,9d911e22e1a1c51170866ae94cf831fe3dd16dd4676672f8f170d1218f32d87d,private path/default/import relocation or publication-facing prose; numeric values/algorithms preserved,DERIVED_NUMERIC_DATA
NeurIPS,NeurIPS/results/cifar100_balanced_controls_seed_extended_min5/aggregated/balanced_control_summary.csv,results/aggregate/cifar100_balanced/balanced_control_summary.csv,a3b9dcaf742d53a1b5406b605b0e82c1f372435b6cd8f82b3ef9a0ce327b3ad0,a3b9dcaf742d53a1b5406b605b0e82c1f372435b6cd8f82b3ef9a0ce327b3ad0,byte-identical,DERIVED_NUMERIC_DATA
NeurIPS,NeurIPS/results/cifar100_balanced_controls_seed_extended_min5/aggregated/W3_balanced_diagnostics.csv,results/aggregate/cifar100_balanced/W3_balanced_diagnostics.csv,64aaa731f7a3564027d235bfe43282fee97073da1e376e2e36b3f07bb251a679,64aaa731f7a3564027d235bfe43282fee97073da1e376e2e36b3f07bb251a679,byte-identical,DERIVED_NUMERIC_DATA
NeurIPS,NeurIPS/results/cifar100_balanced_controls_seed_extended_min5/aggregated/balanced_missing_runs.csv,results/aggregate/cifar100_balanced/balanced_missing_runs.csv,01ba4719c80b6fe911b091a7c05124b64eeece964e09c058ef8f9805daca546b,01ba4719c80b6fe911b091a7c05124b64eeece964e09c058ef8f9805daca546b,byte-identical,DERIVED_NUMERIC_DATA
NeurIPS,NeurIPS/results/cifar100_balanced_controls_seed_extended_min5/aggregated/balanced_seed_level_results.csv,results/aggregate/cifar100_balanced/balanced_seed_level_results.csv,de4cb36fb15a4a6660b8689d3d6416adc959f3989e1f72ff104941ce0b6e4d78,de4cb36fb15a4a6660b8689d3d6416adc959f3989e1f72ff104941ce0b6e4d78,byte-identical,DERIVED_NUMERIC_DATA
NeurIPS,NeurIPS/results/cifar100_balanced_controls_seed_extended_min5/aggregated/balanced_diagnostics_summary.csv,results/aggregate/cifar100_balanced/balanced_diagnostics_summary.csv,64aaa731f7a3564027d235bfe43282fee97073da1e376e2e36b3f07bb251a679,64aaa731f7a3564027d235bfe43282fee97073da1e376e2e36b3f07bb251a679,byte-identical,DERIVED_NUMERIC_DATA
NeurIPS,NeurIPS/results/cifar100_dataset_specific_proxy/dataset_specific_ae_correlation_summary.csv,results/aggregate/convae/dataset_specific_ae_correlation_summary.csv,6ffa607ee7b7382cfc9d228205aee2040fb479e5da4d926ec5a3573064129997,9a8674e2c4719bba4b1bb94b79a9255a405d42961870cc3369cdd25cdcd125c5,private path/default/import relocation or publication-facing prose; numeric values/algorithms preserved,DERIVED_NUMERIC_DATA
NeurIPS,NeurIPS/results/cifar100_dataset_specific_proxy/training_curve.csv,results/aggregate/convae/training_curve.csv,9f143229a08b3cddb8e5bd654877e10aee98d18e9317e8058df43f9ecf505db9,acd68e9d5ed8669fdd2caf96d5c4f6dfdf7f9fb60820c7592884b2c09b786cca,private path/default/import relocation or publication-facing prose; numeric values/algorithms preserved,DERIVED_NUMERIC_DATA
NeurIPS,NeurIPS/results/cifar100_dataset_specific_proxy/dataset_specific_ae_predictive_r2_summary.csv,results/aggregate/convae/dataset_specific_ae_predictive_r2_summary.csv,0b5c05d88222124bbb693ee7e2a5f7bb481b0273e595de4e45b4644329fa142d,442dbe806406d9bf00162621963407f4a14f16872e9ad7528d46659ab61d0cc2,private path/default/import relocation or publication-facing prose; numeric values/algorithms preserved,DERIVED_NUMERIC_DATA
NeurIPS,NeurIPS/results/cifar100_dataset_specific_proxy/dataset_specific_ae_predictive_r2_per_split.csv,results/aggregate/convae/dataset_specific_ae_predictive_r2_per_split.csv,a43d43229d5d40ac32ea48a0ffd67cd5a64446e64d5d15924a6eacb0eacaa020,9b201c3775810d0846dbb8eb20d0de6fa970a0129462454da0dd1327b73a5cef,private path/default/import relocation or publication-facing prose; numeric values/algorithms preserved,DERIVED_NUMERIC_DATA
NeurIPS,NeurIPS/results/cifar100_dataset_specific_proxy/manifest.json,results/aggregate/convae/manifest.json,492d721bc8bb591f1473ebd4bb76b3b0055650962999dbdb5c21150c450761c9,8ffdeaf96c4d02718fd131f0bbc2f56bd1a440485ab0a57453c02f9abddaae02,private path/default/import relocation or publication-facing prose; numeric values/algorithms preserved,DERIVED_NUMERIC_DATA
NeurIPS,NeurIPS/results/dinov2_representation_stress/cifar100_dinov2_proxy.csv,results/aggregate/dinov2_scalar/cifar100_dinov2_proxy.csv,361acefcfe6b3fea643a450c1b30b711c709d26c9531ba888e832d6b3483533f,c6356e299d383ca1988a54eeef15275ed6cbf880ab3844ab3ef508791aff2480,private path/default/import relocation or publication-facing prose; numeric values/algorithms preserved,DERIVED_NUMERIC_DATA
NeurIPS,NeurIPS/results/dinov2_representation_stress/cifar100_dinov2_dependence.csv,results/aggregate/dinov2_scalar/cifar100_dinov2_dependence.csv,9611db5a552f053a37cfd607dac3c61e0002c27d73d8dc6d216500e84a80ba89,53d2cf1a7acb09ad284befa152e9f87b3d5c6054007b4722db04c45ad4a20fa5,private path/default/import relocation or publication-facing prose; numeric values/algorithms preserved,DERIVED_NUMERIC_DATA
NeurIPS,NeurIPS/results/dinov2_representation_stress/manifest.json,results/aggregate/dinov2_scalar/manifest.json,cb5fe0e5407ae4f68b8bd4914c779ff6bced1dd855288511219004819c9f1aa5,65f5a6ec02253c0256d2dc97b17063256077551d9f51a6eea749318288012e09,private path/default/import relocation or publication-facing prose; numeric values/algorithms preserved,DERIVED_NUMERIC_DATA
NeurIPS,NeurIPS/results/dinov2_representation_stress/cifar100_dinov2_predictive_r2.csv,results/aggregate/dinov2_scalar/cifar100_dinov2_predictive_r2.csv,7b6eb8284b29867e9625f32faa80847f55349e8a771e3b6512f9eee2f694bce3,94a7efe31df5e14ab2e888cfc8dc58af7abf5cf126c9ca9ac102d4ce3cb861f8,private path/default/import relocation or publication-facing prose; numeric values/algorithms preserved,DERIVED_NUMERIC_DATA
NeurIPS,NeurIPS/results/dinov2_representation_stress/cifar100_dinov2_predictive_r2_per_split.csv,results/aggregate/dinov2_scalar/cifar100_dinov2_predictive_r2_per_split.csv,492bd8aacf50b4c1137a95c75183109c6e30aaad56626cbe5f3cd7a40ece6d46,6aedb63b85bcba39ee7f0806baff3b5a51ba5d1f80243071c5fd0632e5ea3913,private path/default/import relocation or publication-facing prose; numeric values/algorithms preserved,DERIVED_NUMERIC_DATA
NeurIPS,NeurIPS/results/positive_task_aligned_control/resnet18_to_resnet50/positive_task_aligned_control_summary.json,results/aggregate/positive_control/positive_task_aligned_control_summary.json,aaeac0e9750dfe6ed5cdf6a635004ec16046d6c470b422135ef10a35953161a7,050eae557601731b3e6d0112a4f1a1fb682145309f217804555b831bb9c096a6,private path/default/import relocation or publication-facing prose; numeric values/algorithms preserved,DERIVED_NUMERIC_DATA
NeurIPS,NeurIPS/results/positive_task_aligned_control/resnet18_to_resnet50/positive_task_aligned_control_summary.csv,results/aggregate/positive_control/positive_task_aligned_control_summary.csv,05b0894b9e3e3ff2ae5887ac9fbdbfc345afbb2610a125bc111a3ab0f6c1c713,041cdeb19e143a42179b421961372498b8c2e05cea3e7a115c0a55427345aeca,private path/default/import relocation or publication-facing prose; numeric values/algorithms preserved,DERIVED_NUMERIC_DATA
ICML,ICML/rebuttal_2026/ttal_full_response/results/w5_predictive_power_fast/predictive_power_summary.csv,results/aggregate/predictive_validity/predictive_power_summary.csv,70672763ee2c5a4f93a22aa62bd3f243cd3f79cab6cb3de0e467051f0664a9fa,70672763ee2c5a4f93a22aa62bd3f243cd3f79cab6cb3de0e467051f0664a9fa,byte-identical,DERIVED_NUMERIC_DATA
ICML,ICML/rebuttal_2026/ttal_full_response/results/w5_predictive_power_fast/predictive_power_per_split.csv,results/aggregate/predictive_validity/predictive_power_per_split.csv,1b6d0b3bf5bee9a29ddf2ad15a93703a376703096db061a5b9069c42974ae2e9,1b6d0b3bf5bee9a29ddf2ad15a93703a376703096db061a5b9069c42974ae2e9,byte-identical,DERIVED_NUMERIC_DATA
ICML,ICML/rebuttal_2026/ttal_full_response/results/w5_predictive_power_fast/predictive_power_manifest.json,results/aggregate/predictive_validity/predictive_power_manifest.json,c0a597be5e5ca173de87beac285ef4dc7451ea46b3e3194672eefe74fb547427,034b98b4a7ea773517876e7cce071d75dec6860bee153d1cfb6a410d141b1da7,private path/default/import relocation or publication-facing prose; numeric values/algorithms preserved,DERIVED_NUMERIC_DATA
ICML,ICML/rebuttal_2026/exp_training_dynamics/training_dynamics_nonlinear_r2_per_split.csv,results/aggregate/training_dynamics/training_dynamics_nonlinear_r2_per_split.csv,c26c81396e54595e6f6011f73f905d4f68cfae29571819388ce18ad924a7cc68,c26c81396e54595e6f6011f73f905d4f68cfae29571819388ce18ad924a7cc68,byte-identical,DERIVED_NUMERIC_DATA
ICML,ICML/rebuttal_2026/exp_training_dynamics/training_dynamics_manifest.json,results/aggregate/training_dynamics/training_dynamics_manifest.json,d06436e79e2cdd2b9c3522e9a2eac8b1e0b7de6800f352170d00e1cdf9da0084,c496872afaf682638a57c81731c45a6877fb7e6363929f8815b4865f693f1765,private path/default/import relocation or publication-facing prose; numeric values/algorithms preserved,DERIVED_NUMERIC_DATA
ICML,ICML/rebuttal_2026/exp_training_dynamics/training_dynamics_nonlinear_r2_summary.csv,results/aggregate/training_dynamics/training_dynamics_nonlinear_r2_summary.csv,0d34d7d0597966d450b62df3ec6812ccd09743cb763d501a1ad20c1cea274d23,0d34d7d0597966d450b62df3ec6812ccd09743cb763d501a1ad20c1cea274d23,byte-identical,DERIVED_NUMERIC_DATA
ICML,ICML/rebuttal_2026/exp_training_dynamics/epoch_metrics.csv,results/aggregate/training_dynamics/epoch_metrics.csv,9e6c09d65d2c79dbeafea972ba9b7358de03faa1974ae53f22c9834f7b421814,9781b637ddeb130c9fc9dfadc1c64fff6009ccea30bc696d02fe1bf45fbe4c90,private path/default/import relocation or publication-facing prose; numeric values/algorithms preserved,DERIVED_NUMERIC_DATA
ICML,ICML/rebuttal_2026/exp_training_dynamics/training_dynamics_correlations.csv,results/aggregate/training_dynamics/training_dynamics_correlations.csv,4a9b8f425a609928ffef1eca470cba0bb44875949832a40faf8f8ff285385f0a,4a9b8f425a609928ffef1eca470cba0bb44875949832a40faf8f8ff285385f0a,byte-identical,DERIVED_NUMERIC_DATA
ICML,ICML/rebuttal_2026/exp_training_dynamics/training_dynamics_metadata.json,results/aggregate/training_dynamics/training_dynamics_metadata.json,f758d6e56e06b2f501bf3f670c29e75126184fa98c4868b6fb981f292ce839e8,247511d244668be3b115e1927ae99e513a2651060349fbe17c59b124910a258d,private path/default/import relocation or publication-facing prose; numeric values/algorithms preserved,DERIVED_NUMERIC_DATA
ICML,ICML/rebuttal_2026/ttal_full_response/results/w2_epochwise/epochwise_dynamics_correlations.csv,results/aggregate/epochwise/epochwise_dynamics_correlations.csv,fe613919bad3296d542fcbc7105cdc00d6235cda60f0c0528e19311b46725327,fe613919bad3296d542fcbc7105cdc00d6235cda60f0c0528e19311b46725327,byte-identical,DERIVED_NUMERIC_DATA
ICML,ICML/rebuttal_2026/ttal_full_response/results/w2_epochwise/epochwise_dynamics_manifest.json,results/aggregate/epochwise/epochwise_dynamics_manifest.json,4306e6ca6e3a5b94e4d382972fbf18de8c5da71a287618273c33b10aae335c15,bbfc6497f50edd5b862d005c26bdfaa8778ad0632302cf2f8e22fb2e1ccb43ee,private path/default/import relocation or publication-facing prose; numeric values/algorithms preserved,DERIVED_NUMERIC_DATA
cohe_anonymous_code_release,cohe_anonymous_code_release/cached_summaries/table29_epochwise_correlations.csv,results/aggregate/review_reported/table29_epochwise_correlations.csv,3d821077bd3c3191d9c0531544eaa97c1b13c120883194957e9a7ae3d7b0a4d5,3d821077bd3c3191d9c0531544eaa97c1b13c120883194957e9a7ae3d7b0a4d5,byte-identical,DERIVED_NUMERIC_DATA
cohe_anonymous_code_release,cohe_anonymous_code_release/cached_summaries/table17_resnet50_transfer.csv,results/aggregate/review_reported/table17_resnet50_transfer.csv,51a0b3080c61550bd9cfc9be82633e18157a90c05819f2e54a120344b5a19699,51a0b3080c61550bd9cfc9be82633e18157a90c05819f2e54a120344b5a19699,byte-identical,DERIVED_NUMERIC_DATA
cohe_anonymous_code_release,cohe_anonymous_code_release/cached_summaries/table28_training_dynamics.csv,results/aggregate/review_reported/table28_training_dynamics.csv,9946aa017f3d2a86e58fd9b3975928a99c48c5481530522b984cbdd4986f2365,9946aa017f3d2a86e58fd9b3975928a99c48c5481530522b984cbdd4986f2365,byte-identical,DERIVED_NUMERIC_DATA
cohe_anonymous_code_release,cohe_anonymous_code_release/cached_summaries/table16_cifar100_transfer.csv,results/aggregate/review_reported/table16_cifar100_transfer.csv,c187e0b3238b50b38d1ae9b697fd79e1574333dc536a6e241b75b1e26d780778,c187e0b3238b50b38d1ae9b697fd79e1574333dc536a6e241b75b1e26d780778,byte-identical,DERIVED_NUMERIC_DATA
cohe_anonymous_code_release,cohe_anonymous_code_release/cached_summaries/table22_class_balanced_controls.csv,results/aggregate/review_reported/table22_class_balanced_controls.csv,89a19eaf9b6976e2084dc45bb5c9f68d729f8d145bcd1abdb4695485f26d5ac4,89a19eaf9b6976e2084dc45bb5c9f68d729f8d145bcd1abdb4695485f26d5ac4,byte-identical,DERIVED_NUMERIC_DATA
cohe_anonymous_code_release,cohe_anonymous_code_release/cached_summaries/table19_disc_hard_diagnostics.csv,results/aggregate/review_reported/table19_disc_hard_diagnostics.csv,76d152b8db4b526b701d31935129894800acf340f2e9d88db0cd9cbc5ebfaa36,76d152b8db4b526b701d31935129894800acf340f2e9d88db0cd9cbc5ebfaa36,byte-identical,DERIVED_NUMERIC_DATA
cohe_anonymous_code_release,cohe_anonymous_code_release/cached_summaries/table15_predictive_validity.csv,results/aggregate/review_reported/table15_predictive_validity.csv,dd10ec8cf9b2f4f4cd37ca79f3e09f232ccfd7f7f9eebee4b2022e261da464ea,dd10ec8cf9b2f4f4cd37ca79f3e09f232ccfd7f7f9eebee4b2022e261da464ea,byte-identical,DERIVED_NUMERIC_DATA
cohe_anonymous_code_release,cohe_anonymous_code_release/cached_summaries/table09_dependence_main.csv,results/aggregate/review_reported/table09_dependence_main.csv,35354e855da628246602a2881ef570596d97213867898cd835893dd29942799a,35354e855da628246602a2881ef570596d97213867898cd835893dd29942799a,byte-identical,DERIVED_NUMERIC_DATA
cohe_anonymous_code_release,cohe_anonymous_code_release/cached_summaries/table27_label_granularity.csv,results/aggregate/review_reported/table27_label_granularity.csv,09307a3e712dbc975a391a43095980e69546f91c3de125a08c03d6b6b5253ebc,09307a3e712dbc975a391a43095980e69546f91c3de125a08c03d6b6b5253ebc,byte-identical,DERIVED_NUMERIC_DATA
cohe_anonymous_code_release,cohe_anonymous_code_release/cached_summaries/table26_shuffled_proxy.csv,results/aggregate/review_reported/table26_shuffled_proxy.csv,23c5ff8124f1398843175780e177fb8e14bbea83cb79bfb2f8c1c7efe67ed5b8,23c5ff8124f1398843175780e177fb8e14bbea83cb79bfb2f8c1c7efe67ed5b8,byte-identical,DERIVED_NUMERIC_DATA
cohe_anonymous_code_release,cohe_anonymous_code_release/cached_summaries/table30_asset_provenance.csv,results/aggregate/review_reported/table30_asset_provenance.csv,0e0f3201b56a18137ca4838d6d419d89b5617b79b04c4046978d91bf2f1dc195,0e0f3201b56a18137ca4838d6d419d89b5617b79b04c4046978d91bf2f1dc195,byte-identical,DERIVED_NUMERIC_DATA
cohe_anonymous_code_release,cohe_anonymous_code_release/cached_summaries/table18_imagenet10_transfer.csv,results/aggregate/review_reported/table18_imagenet10_transfer.csv,dc70fdd46ef1857cee24653c168027044f683bcb8adca6d3b574347687ecd678,dc70fdd46ef1857cee24653c168027044f683bcb8adca6d3b574347687ecd678,byte-identical,DERIVED_NUMERIC_DATA
cohe_anonymous_code_release,cohe_anonymous_code_release/cached_summaries/table10_convae_check.csv,results/aggregate/review_reported/table10_convae_check.csv,83d18d4e3ac48a985955eadebe2d3362c1e38b58a27df416891ea546e703fb9e,83d18d4e3ac48a985955eadebe2d3362c1e38b58a27df416891ea546e703fb9e,byte-identical,DERIVED_NUMERIC_DATA
cohe_anonymous_code_release,cohe_anonymous_code_release/cached_summaries/table11_dinov2_stress.csv,results/aggregate/review_reported/table11_dinov2_stress.csv,5a533b7f90edfa3513d433c69ff5f440427d8f903aa34df2f63cd167f46796fc,5a533b7f90edfa3513d433c69ff5f440427d8f903aa34df2f63cd167f46796fc,byte-identical,DERIVED_NUMERIC_DATA
cohe_anonymous_code_release,cohe_anonymous_code_release/cached_summaries/table25_cross_architecture.csv,results/aggregate/review_reported/table25_cross_architecture.csv,8e0a2b6fd8c8a831833a263836d53b87fdcf631cf246140eee0aac60c1053a8e,8e0a2b6fd8c8a831833a263836d53b87fdcf631cf246140eee0aac60c1053a8e,byte-identical,DERIVED_NUMERIC_DATA
cohe_anonymous_code_release,cohe_anonymous_code_release/cached_summaries/table13_imagenet1k_checks.csv,results/aggregate/review_reported/table13_imagenet1k_checks.csv,754ec2746d96293273ad7bec743977e284ce4a0a00e65d703f30905f1e63b914,754ec2746d96293273ad7bec743977e284ce4a0a00e65d703f30905f1e63b914,byte-identical,DERIVED_NUMERIC_DATA
ICML,ICML/COHE_ImageNet1K_Gate3_20260726/runs/retry_20260727/random/seed4/config.json,configs/imagenet1k_vae_gate3/random_seed4.json,aaafbe6f38dab364b06f1c7934d4343a364ad1943df3f4b0bc954b9af8e2a77b,d645eda8e9f5025e52ab984071cf1e45c4dd83184def3673018beb67418d4375,private path/default/import relocation or publication-facing prose; numeric values/algorithms preserved,DERIVED_NUMERIC_DATA
ICML,ICML/COHE_ImageNet1K_Gate3_20260726/runs/retry_20260727/random/seed3/config.json,configs/imagenet1k_vae_gate3/random_seed3.json,0e8aa9137156b7a44e611ba6cd075a01205c6fc6e1ce2ff0242f696553a9b413,17680acc9b920a7d4caf4926a0c198444ae417b389095c4cdfde1952717bc4c6,private path/default/import relocation or publication-facing prose; numeric values/algorithms preserved,DERIVED_NUMERIC_DATA
ICML,ICML/COHE_ImageNet1K_Gate3_20260726/runs/retry_20260727/random/seed0/config.json,configs/imagenet1k_vae_gate3/random_seed0.json,871afe44ddd19d8a6cc7eaa1468c401ffd5a0e6b5b3b4e2693640c08b5fa1dc4,9c9c241e572a2cbf90ea6adf5ee25e33dd8143df127ae8db26219de28c5e8868,private path/default/import relocation or publication-facing prose; numeric values/algorithms preserved,DERIVED_NUMERIC_DATA
ICML,ICML/COHE_ImageNet1K_Gate3_20260726/runs/retry_20260727/random/seed1/config.json,configs/imagenet1k_vae_gate3/random_seed1.json,78d96da834f8e3ee040dfd46b3180b3a67834618178d7f0a39e44cebd632dfc0,7ff7c4c35d1ac5b3787e3e63f349bae7111095e2730057134abfb78904f67852,private path/default/import relocation or publication-facing prose; numeric values/algorithms preserved,DERIVED_NUMERIC_DATA
ICML,ICML/COHE_ImageNet1K_Gate3_20260726/runs/retry_20260727/random/seed2/config.json,configs/imagenet1k_vae_gate3/random_seed2.json,130cde602724a55afea447395d3df517d8c8585f9e3903c0bb8b94c7e7c3f144,8e303146871ba7b1c4ba084c5470d06ed17a7ba080abc3a74ea11105f9d30f80,private path/default/import relocation or publication-facing prose; numeric values/algorithms preserved,DERIVED_NUMERIC_DATA
ICML,ICML/COHE_ImageNet1K_Gate3_20260726/runs/retry_20260727/proxy_hard/seed4/config.json,configs/imagenet1k_vae_gate3/proxy_hard_seed4.json,ec22272a40fbcdce23c8dcd85012afcbd1408ca9c15c05b1327756b2917598af,0d784e3b6b0c8556ddd4a6da62ac92d18a7393ce12e11ef1f6d54c53004bdea5,private path/default/import relocation or publication-facing prose; numeric values/algorithms preserved,DERIVED_NUMERIC_DATA
ICML,ICML/COHE_ImageNet1K_Gate3_20260726/runs/retry_20260727/proxy_hard/seed3/config.json,configs/imagenet1k_vae_gate3/proxy_hard_seed3.json,a4a711c65185d9bc1003f0297a267590826ad71459cac5801806604d958847a1,1a9a56b21c465919fc90628ff85cd27f7d21afc7618095b27389efb585577ee7,private path/default/import relocation or publication-facing prose; numeric values/algorithms preserved,DERIVED_NUMERIC_DATA
ICML,ICML/COHE_ImageNet1K_Gate3_20260726/runs/retry_20260727/proxy_hard/seed0/config.json,configs/imagenet1k_vae_gate3/proxy_hard_seed0.json,1c58dc39da0058e892aa25daee569fdaf75e2d68af7bd3f1b333bc6526891a6b,6f13022faf955750d028614efee1fd4dd5edd77574389a09a81a68cf8538e687,private path/default/import relocation or publication-facing prose; numeric values/algorithms preserved,DERIVED_NUMERIC_DATA
ICML,ICML/COHE_ImageNet1K_Gate3_20260726/runs/retry_20260727/proxy_hard/seed1/config.json,configs/imagenet1k_vae_gate3/proxy_hard_seed1.json,6dd8abd2e17807f4ae53019a3d83bdcf3c4289566dfcd9ae86ce892a6ef74484,286c751bf75d4ef9d3823deb8a8f20ba2c1c425b83e2966ee4c77b24467b81cb,private path/default/import relocation or publication-facing prose; numeric values/algorithms preserved,DERIVED_NUMERIC_DATA
ICML,ICML/COHE_ImageNet1K_Gate3_20260726/runs/retry_20260727/proxy_hard/seed2/config.json,configs/imagenet1k_vae_gate3/proxy_hard_seed2.json,9d8ef003bec4dd80dcaca3be3ed6d3d1aa307b20e573a1cfdf0391d76dcb6785,edb71134027e757ea24b7c0e947c2380e5c211ed67327a148fe16fc236db4bbb,private path/default/import relocation or publication-facing prose; numeric values/algorithms preserved,DERIVED_NUMERIC_DATA
NeurIPS,NeurIPS/results/cifar100_dataset_specific_proxy/manifest.json,configs/cifar100_dataset_specific_proxy/manifest.json,492d721bc8bb591f1473ebd4bb76b3b0055650962999dbdb5c21150c450761c9,8ffdeaf96c4d02718fd131f0bbc2f56bd1a440485ab0a57453c02f9abddaae02,private path/default/import relocation or publication-facing prose; numeric values/algorithms preserved,DERIVED_NUMERIC_DATA
NeurIPS,NeurIPS/results/dinov2_representation_stress/manifest.json,configs/dinov2_representation_stress/manifest.json,cb5fe0e5407ae4f68b8bd4914c779ff6bced1dd855288511219004819c9f1aa5,65f5a6ec02253c0256d2dc97b17063256077551d9f51a6eea749318288012e09,private path/default/import relocation or publication-facing prose; numeric values/algorithms preserved,DERIVED_NUMERIC_DATA
ICML,ICML/rebuttal_2026/ttal_full_response/results/w5_predictive_power_fast/predictive_power_manifest.json,configs/w5_predictive_power_fast/predictive_power_manifest.json,c0a597be5e5ca173de87beac285ef4dc7451ea46b3e3194672eefe74fb547427,034b98b4a7ea773517876e7cce071d75dec6860bee153d1cfb6a410d141b1da7,private path/default/import relocation or publication-facing prose; numeric values/algorithms preserved,DERIVED_NUMERIC_DATA
NeurIPS,NeurIPS/experiments/dinov2_representation_proxy/run_dinov2_stress_test.py,experiments/dinov2_gate3/run_dinov2_stress_test.py,88f9824b950aee0312b588806aade9d83009c0b52ed21efe39f78724dfd6c4e0,cfa8d51a9225edd91ae6791f11898fb9439f2ee647ce1f9543d9960e6a84c5b0,private path/default/import relocation or publication-facing prose; numeric values/algorithms preserved,AUTHOR_CREATED
