epoch,train_loss,train_acc,test_acc,best_test_acc,lr
1,3.9338224009704588,10.196,16.59,16.59,0.1
2,3.3163679026794433,19.082,22.76,22.76,0.1
3,2.995881609344482,24.876,26.03,26.03,0.1
4,2.774756763916016,29.284,29.44,29.44,0.1
5,2.6283749170684816,32.056,33.26,33.26,0.1
6,2.5110715489196775,34.526,35.83,35.83,0.1
7,2.4057961213684083,36.902,37.84,37.84,0.1
8,2.3325387478637696,38.334,37.86,37.86,0.1
9,2.2728598528289794,39.636,36.88,37.86,0.1
10,2.222654113769531,40.634,37.79,37.86,0.1
11,2.175106862258911,41.9,41.61,41.61,0.1
12,2.1314116621398926,43.008,43.08,43.08,0.1
13,2.109213390197754,43.36,41.13,43.08,0.1
14,2.063686028442383,44.218,39.56,43.08,0.1
15,2.038648832015991,44.976,42.92,43.08,0.1
16,2.0150421352386476,45.256,44.05,44.05,0.1
17,1.9860552400207518,45.896,44.1,44.1,0.1
18,1.9602205746078492,46.742,43.17,44.1,0.1
19,1.9442684963226318,47.234,45.24,45.24,0.1
20,1.9307056176376343,47.196,43.77,45.24,0.1
21,1.9098056239318848,47.798,43.32,45.24,0.1
22,1.8960130590438842,48.282,43.25,45.24,0.1
23,1.8794888403320313,48.528,44.37,45.24,0.1
24,1.8818482320785523,48.466,43.13,45.24,0.1
25,1.8646982015991211,48.828,44.97,45.24,0.1
26,1.8442106311416626,49.372,45.78,45.78,0.1
27,1.8378815992736817,49.338,45.72,45.78,0.1
28,1.8276003998565673,49.648,46.51,46.51,0.1
29,1.823068850402832,49.88,46.36,46.51,0.1
30,1.8068156384658813,50.184,44.5,46.51,0.1
31,1.8091666736602783,50.206,47.62,47.62,0.1
32,1.7947996425628663,50.548,48.23,48.23,0.1
33,1.7912747305297851,50.584,45.45,48.23,0.010000000000000002
34,1.3463618611526489,61.654,58.08,58.08,0.010000000000000002
35,1.1714968459320068,66.096,58.42,58.42,0.010000000000000002
36,1.093080129852295,68.214,58.92,58.92,0.010000000000000002
37,1.0403269513320923,69.534,59.57,59.57,0.010000000000000002
38,0.9858992421722412,70.918,59.58,59.58,0.010000000000000002
39,0.9471997367858886,71.786,59.48,59.58,0.010000000000000002
40,0.9058363219070434,72.932,59.67,59.67,0.010000000000000002
41,0.8670037002944946,74.246,59.51,59.67,0.0010000000000000002
42,0.7502085652160645,77.85,60.81,60.81,0.0010000000000000002
43,0.7163643649291992,78.692,61.0,61.0,0.0010000000000000002
44,0.7015747835159302,79.404,60.9,61.0,0.0010000000000000002
45,0.690149476070404,79.622,61.04,61.04,0.0010000000000000002
46,0.6763627088356018,79.932,60.96,61.04,0.0010000000000000002
47,0.6670016759872437,80.234,60.91,61.04,0.0010000000000000002
48,0.6503446086883545,80.71,60.9,61.04,0.0010000000000000002
49,0.6367727330207825,81.134,61.02,61.04,0.0010000000000000002
50,0.6331907889556885,81.222,61.09,61.09,0.0010000000000000002
