model,split_seed,train_n,test_n,r2,metric,display_name
LinearRegression,0,20000,10000,-0.0002500828892451068,forgetting_count,Forgetting Count
RandomForest,0,20000,10000,-0.003247259356032872,forgetting_count,Forgetting Count
HistGBDT,0,20000,10000,-0.00037320012707353634,forgetting_count,Forgetting Count
MLP,0,20000,10000,-0.0016568587931644618,forgetting_count,Forgetting Count
MeanPredictor,0,20000,10000,0.0,forgetting_count,Forgetting Count
LinearRegression,1,20000,10000,-0.00012536844318922213,forgetting_count,Forgetting Count
RandomForest,1,20000,10000,-0.0057632851165621,forgetting_count,Forgetting Count
HistGBDT,1,20000,10000,-0.0007617486896036585,forgetting_count,Forgetting Count
MLP,1,20000,10000,-0.0007075273161993856,forgetting_count,Forgetting Count
MeanPredictor,1,20000,10000,0.0,forgetting_count,Forgetting Count
LinearRegression,2,20000,10000,-0.0004925075038946236,forgetting_count,Forgetting Count
RandomForest,2,20000,10000,-0.007026156773453973,forgetting_count,Forgetting Count
HistGBDT,2,20000,10000,-0.0015827324634924977,forgetting_count,Forgetting Count
MLP,2,20000,10000,-0.0012033226500778316,forgetting_count,Forgetting Count
MeanPredictor,2,20000,10000,0.0,forgetting_count,Forgetting Count
LinearRegression,0,20000,10000,-0.00014153168598429744,first_learning_epoch,First-Learning Epoch
RandomForest,0,20000,10000,-0.0069523502034172235,first_learning_epoch,First-Learning Epoch
HistGBDT,0,20000,10000,-0.0006585328151842429,first_learning_epoch,First-Learning Epoch
MLP,0,20000,10000,-0.000533629958206161,first_learning_epoch,First-Learning Epoch
MeanPredictor,0,20000,10000,0.0,first_learning_epoch,First-Learning Epoch
LinearRegression,1,20000,10000,-2.5238829604035118e-06,first_learning_epoch,First-Learning Epoch
RandomForest,1,20000,10000,-0.003300717452414448,first_learning_epoch,First-Learning Epoch
HistGBDT,1,20000,10000,-0.0002625928258568333,first_learning_epoch,First-Learning Epoch
MLP,1,20000,10000,-0.0006553874430723639,first_learning_epoch,First-Learning Epoch
MeanPredictor,1,20000,10000,0.0,first_learning_epoch,First-Learning Epoch
LinearRegression,2,20000,10000,6.412941032063468e-05,first_learning_epoch,First-Learning Epoch
RandomForest,2,20000,10000,-0.0026954141884241167,first_learning_epoch,First-Learning Epoch
HistGBDT,2,20000,10000,-0.0003016679553515811,first_learning_epoch,First-Learning Epoch
MLP,2,20000,10000,-0.00026027430033082055,first_learning_epoch,First-Learning Epoch
MeanPredictor,2,20000,10000,0.0,first_learning_epoch,First-Learning Epoch
