metric,display_name,model,mean_r2,std_r2,min_r2,max_r2
first_learning_epoch,First-Learning Epoch,MeanPredictor,0.0,0.0,0.0,0.0
first_learning_epoch,First-Learning Epoch,LinearRegression,-2.6642052874688755e-05,0.00010493038751166124,-0.00014153168598429744,6.412941032063468e-05
first_learning_epoch,First-Learning Epoch,HistGBDT,-0.0004075978654642191,0.0002181925254895341,-0.0006585328151842429,-0.0002625928258568333
first_learning_epoch,First-Learning Epoch,MLP,-0.0004830972338697818,0.00020234565985811795,-0.0006553874430723639,-0.00026027430033082055
first_learning_epoch,First-Learning Epoch,RandomForest,-0.004316160614751929,0.002302980605843177,-0.0069523502034172235,-0.0026954141884241167
forgetting_count,Forgetting Count,MeanPredictor,0.0,0.0,0.0,0.0
forgetting_count,Forgetting Count,LinearRegression,-0.00028931961210965085,0.00018668800922869388,-0.0004925075038946236,-0.00012536844318922213
forgetting_count,Forgetting Count,HistGBDT,-0.0009058937600565642,0.0006175155619194409,-0.0015827324634924977,-0.00037320012707353634
forgetting_count,Forgetting Count,MLP,-0.0011892362531472263,0.00047482247548219346,-0.0016568587931644618,-0.0007075273161993856
forgetting_count,Forgetting Count,RandomForest,-0.0053455670820163155,0.001923767836859885,-0.007026156773453973,-0.003247259356032872
