archive,member,size_bytes,sha256
cifar100_alpha_mix_checkpoints.tar.gz,cifar100_alpha_mix_mix_harda0_00_budget10_seed0_final.pth,44991778,322e9b068dd041d0e6e84c46c3f741819c5185b5d817d6b0635708caac49201d
cifar100_alpha_mix_checkpoints.tar.gz,cifar100_alpha_mix_mix_harda0_00_budget10_seed1_final.pth,44991778,2c94827eeb794d313373a7a5d8ec5c05499683a62dfb5f643a349d5b206f8f35
cifar100_alpha_mix_checkpoints.tar.gz,cifar100_alpha_mix_mix_harda0_00_budget10_seed2_final.pth,44991778,b0c0cccfb028d62d3505837f49a320675c7620ccc70e63ba19977887c9538625
cifar100_alpha_mix_checkpoints.tar.gz,cifar100_alpha_mix_mix_harda0_00_budget50_seed0_final.pth,44991778,bb296ab10ff66d79940ae846160af27666d08bea3c2592423d1b860dbb637490
cifar100_alpha_mix_checkpoints.tar.gz,cifar100_alpha_mix_mix_harda0_00_budget50_seed1_final.pth,44991778,cec8e841953877a588dc1c1c2a5557f9cc6aa4c78a345b831d25b7be6744c97b
cifar100_alpha_mix_checkpoints.tar.gz,cifar100_alpha_mix_mix_harda0_00_budget50_seed2_final.pth,44991778,55056611d1da7d813e5cf42d44325b547a1011477517c3ee487a639f354ee55a
cifar100_alpha_mix_checkpoints.tar.gz,cifar100_alpha_mix_mix_harda0_00_budget70_seed0_final.pth,44991778,ce457da9566c26ffef33835e07b76758cb8d2a5a164a2d238f25a26b1412cc4c
cifar100_alpha_mix_checkpoints.tar.gz,cifar100_alpha_mix_mix_harda0_00_budget70_seed1_final.pth,44991778,190228061dbbb8e514627268ae59d432672e6647bc3f86150bfea9232e4202a3
cifar100_alpha_mix_checkpoints.tar.gz,cifar100_alpha_mix_mix_harda0_00_budget70_seed2_final.pth,44991778,79576da27c8db517a14995c19a36753c01f334f41c0c4fc9057f8b6b6d52a279
cifar100_alpha_mix_checkpoints.tar.gz,cifar100_alpha_mix_mix_harda0_25_budget10_seed0_final.pth,44991778,9f01456bda0fe2a76a02c596db64bf7560244cd2910d4f44e67f47534e4e5ae1
cifar100_alpha_mix_checkpoints.tar.gz,cifar100_alpha_mix_mix_harda0_25_budget10_seed1_final.pth,44991778,826dd1c5347944c131243b7e5a2d55ec19e0ba69f624c718bb86403c23d41ee9
cifar100_alpha_mix_checkpoints.tar.gz,cifar100_alpha_mix_mix_harda0_25_budget10_seed2_final.pth,44991778,216f0779ae3f1f01294d46e2efbfea34dd7116a6e18db84fbdb177c39d73bcf5
cifar100_alpha_mix_checkpoints.tar.gz,cifar100_alpha_mix_mix_harda0_25_budget50_seed0_final.pth,44991778,f079506f0d52b882e7be2c56fcca82414b71a36ac6c2946d474851dea85d8501
cifar100_alpha_mix_checkpoints.tar.gz,cifar100_alpha_mix_mix_harda0_25_budget50_seed1_final.pth,44991778,cb93c02fb275bcfeeb1e6b5126cc20648e6dd166f44ac8b1ef0b21ccf3834b2b
cifar100_alpha_mix_checkpoints.tar.gz,cifar100_alpha_mix_mix_harda0_25_budget50_seed2_final.pth,44991778,9f9fbd4337efcc6ccb81f1f98b7852aee446fa74eeebdb4978e01ec582033639
cifar100_alpha_mix_checkpoints.tar.gz,cifar100_alpha_mix_mix_harda0_25_budget70_seed0_final.pth,44991778,cd83c46b0b2634de9b72dec3305c2e147c168deca1db40ecaee8df1a2e5db074
cifar100_alpha_mix_checkpoints.tar.gz,cifar100_alpha_mix_mix_harda0_25_budget70_seed1_final.pth,44991778,a778974ca39fcad69c3e58c0b490da9466d7b8b716f39994638908f7cceb515f
cifar100_alpha_mix_checkpoints.tar.gz,cifar100_alpha_mix_mix_harda0_25_budget70_seed2_final.pth,44991778,c6e70abd21a14f3582bc2fe04f8cd586875ffba94836053500f037356fce1262
cifar100_alpha_mix_checkpoints.tar.gz,cifar100_alpha_mix_mix_harda0_50_budget10_seed0_final.pth,44991778,baa9506d5af519bbc67d740801c008d4572afcb4d2996b7e4b00d46d7adef6dd
cifar100_alpha_mix_checkpoints.tar.gz,cifar100_alpha_mix_mix_harda0_50_budget10_seed1_final.pth,44991778,79f639330635927f8beb1606f6d09a9d618e0092fa2112c466bee1f984133d46
cifar100_alpha_mix_checkpoints.tar.gz,cifar100_alpha_mix_mix_harda0_50_budget10_seed2_final.pth,44991778,9375e2794b94ddb78b64b49541a21b68f504c8d17f1623d495f49811f1d0dd26
cifar100_alpha_mix_checkpoints.tar.gz,cifar100_alpha_mix_mix_harda0_50_budget50_seed0_final.pth,44991778,3acd8a06909524afba9fa41edc9c1e4d746b43eeaab24d6ce3781015552776b7
cifar100_alpha_mix_checkpoints.tar.gz,cifar100_alpha_mix_mix_harda0_50_budget50_seed1_final.pth,44991778,6cc8b7c52a6c53812b037087ec1f8a5695c0e8d4d7ba09e93f8f93d04a9772f6
cifar100_alpha_mix_checkpoints.tar.gz,cifar100_alpha_mix_mix_harda0_50_budget50_seed2_final.pth,44991778,ba3ffaf82907c9b8884f1799ff840208b786b6bfd99cf2ee84932a781308881a
cifar100_alpha_mix_checkpoints.tar.gz,cifar100_alpha_mix_mix_harda0_50_budget70_seed0_final.pth,44991778,77dc473dc320e548e0aa1628f4adef04fcd5d0053d36b848f765bbf13bfe8257
cifar100_alpha_mix_checkpoints.tar.gz,cifar100_alpha_mix_mix_harda0_50_budget70_seed1_final.pth,44991778,ec0901ef2fcf5495d6abe433365c205110bd17db3ff3dbd9176cec1d71575a27
cifar100_alpha_mix_checkpoints.tar.gz,cifar100_alpha_mix_mix_harda0_50_budget70_seed2_final.pth,44991778,8f6bf860e1988205640650ea6d70bb47bb06a11ed174eec70e850954bd96f1ea
cifar100_alpha_mix_checkpoints.tar.gz,cifar100_alpha_mix_mix_harda0_75_budget10_seed0_final.pth,44991778,21c54d1ade01ac132402577afc44250d20d243d607186b6e417c414fe0791ed3
cifar100_alpha_mix_checkpoints.tar.gz,cifar100_alpha_mix_mix_harda0_75_budget10_seed1_final.pth,44991778,eac0e4500765b6b779b3126be6bf2d5a8250668bef32d7b74144ebc4c258bec8
cifar100_alpha_mix_checkpoints.tar.gz,cifar100_alpha_mix_mix_harda0_75_budget10_seed2_final.pth,44991778,6b6ad76b47cc3b2cedd3e8a8bb3a6f02baef31043683193486f4dfc87262b988
cifar100_alpha_mix_checkpoints.tar.gz,cifar100_alpha_mix_mix_harda0_75_budget50_seed0_final.pth,44991778,56e4543214cae301361bd4babdf8acf9f752ca5184a197ad7c49745504f4b87d
cifar100_alpha_mix_checkpoints.tar.gz,cifar100_alpha_mix_mix_harda0_75_budget50_seed1_final.pth,44991778,fe5c8527037c75a32b4ea8e123676581918a389da31bc03e01725e125d02a08b
cifar100_alpha_mix_checkpoints.tar.gz,cifar100_alpha_mix_mix_harda0_75_budget50_seed2_final.pth,44991778,24aaa5e5bc92a3bd7bf46c220b07a3f8d00062db5d2bb47bc2e3e10347df00f1
cifar100_alpha_mix_checkpoints.tar.gz,cifar100_alpha_mix_mix_harda0_75_budget70_seed0_final.pth,44991778,b93b46923a134548e38b9192a684221ece1266d3b76ce85150e8ba3bc0894563
cifar100_alpha_mix_checkpoints.tar.gz,cifar100_alpha_mix_mix_harda0_75_budget70_seed1_final.pth,44991778,fafc7464c8d701c9d6e94fd574b3fed766371fe8ed31db893f898bd465f06511
cifar100_alpha_mix_checkpoints.tar.gz,cifar100_alpha_mix_mix_harda0_75_budget70_seed2_final.pth,44991778,ec138a7cff5fcfdfc85d210a1775a4d74fa4201ba937c3b339863f30ea2aea66
cifar100_alpha_mix_checkpoints.tar.gz,cifar100_alpha_mix_mix_harda1_00_budget10_seed0_final.pth,44991778,db31e93c979561ab978cd14b56ad16725ec494242ac444430a51c98ef83994c3
cifar100_alpha_mix_checkpoints.tar.gz,cifar100_alpha_mix_mix_harda1_00_budget10_seed1_final.pth,44991778,9ab400d6fca06f1a539d8347f6380f4da003314aa1a60ee4e508969d75364834
cifar100_alpha_mix_checkpoints.tar.gz,cifar100_alpha_mix_mix_harda1_00_budget10_seed2_final.pth,44991778,86d6da312aff2a462cafb329fc1eeea483bb11b57ca796daeded16917bf5c8b6
cifar100_alpha_mix_checkpoints.tar.gz,cifar100_alpha_mix_mix_harda1_00_budget50_seed0_final.pth,44991778,cdcaba088f82d1aceb632b43d61e9f48de0403972e7c6b9b331ae6e1728c22aa
cifar100_alpha_mix_checkpoints.tar.gz,cifar100_alpha_mix_mix_harda1_00_budget50_seed1_final.pth,44991778,0792a115b57063ba7fd901b9f68c79c43952b93db848fbbe93e3a337462c06df
cifar100_alpha_mix_checkpoints.tar.gz,cifar100_alpha_mix_mix_harda1_00_budget50_seed2_final.pth,44991778,e7b22a97922a19dd39f95271b06819043b44b6e52466aedc4334757003d6aa25
cifar100_alpha_mix_checkpoints.tar.gz,cifar100_alpha_mix_mix_harda1_00_budget70_seed0_final.pth,44991778,5d2ba4bb3dfaabcf19653ca2a9ae270a6d3d25696742044569a490083af54749
cifar100_alpha_mix_checkpoints.tar.gz,cifar100_alpha_mix_mix_harda1_00_budget70_seed1_final.pth,44991778,e167207e84469dcd06fb80b4e13b0460ed86da8ed1d27bf6d03cb41e9fcc336a
cifar100_alpha_mix_checkpoints.tar.gz,cifar100_alpha_mix_mix_harda1_00_budget70_seed2_final.pth,44991778,b7f61a1d2ae8cf5421c70dd0fcf0e253318e6ab8bf72e0144d1965fae259736c
cifar100_alpha_mix_checkpoints.tar.gz,MANIFEST.csv,16905,79660f7ed3ae9d75c403c02d1af4ed13fc4c592f4075a047d32e85f7056b003c
cifar100_alpha_mix_checkpoints.tar.gz,README.txt,1098,fbc9bf894286fc079b56f9b25f30316a718531c7a4a3682f64638c2e855cbbcc
cifar100_balanced_controls_checkpoints.tar.gz,cifar100_balanced_controls_balanced_disc_hard_budget10_seed0_final.pth,44994888,e948cc4d21074bd9771a20a2f2fe268bcdfde4f1fc566c92cf26b98ac3f50b77
cifar100_balanced_controls_checkpoints.tar.gz,cifar100_balanced_controls_balanced_disc_hard_budget10_seed1_final.pth,44994888,e47f62483eeb14db6be94e54839fb73ae40860ad987c9663b138d5298211df1e
cifar100_balanced_controls_checkpoints.tar.gz,cifar100_balanced_controls_balanced_disc_hard_budget10_seed2_final.pth,44994888,c1afa7b7bc04f17294036810b1c25b065dd33d8efc3b27ad0f897e229fd3b6b4
cifar100_balanced_controls_checkpoints.tar.gz,cifar100_balanced_controls_balanced_disc_hard_budget10_seed3_final.pth,44994888,9535ae138faed83979f8f05021c7c5fb53f85ec06e1e35cfa12551e2f61a1e97
cifar100_balanced_controls_checkpoints.tar.gz,cifar100_balanced_controls_balanced_disc_hard_budget10_seed4_final.pth,44994888,e90cd765c5e2a3508cf38f7cf1617c15db4353931c02194f4b4a09aa07b7fece
cifar100_balanced_controls_checkpoints.tar.gz,cifar100_balanced_controls_balanced_disc_hard_budget30_seed0_final.pth,44994888,08ab59f764f463e9f57ff57b27da78f63b7cf0ababaa116e0cde4d30aa1521a0
cifar100_balanced_controls_checkpoints.tar.gz,cifar100_balanced_controls_balanced_disc_hard_budget30_seed1_final.pth,44994888,f70450d8668263633e83fd5efd0f6e29ae9fafe7f95e6657af96e70d777271af
cifar100_balanced_controls_checkpoints.tar.gz,cifar100_balanced_controls_balanced_disc_hard_budget30_seed2_final.pth,44994888,417ae512650352b51a254a692d9d876a90989063bebf6fd29815d0e6bfa4cb49
cifar100_balanced_controls_checkpoints.tar.gz,cifar100_balanced_controls_balanced_disc_hard_budget30_seed3_final.pth,44994888,5512c423db58f37185d6e0fce7307e8fb68b33f40314bfaa4923c02566778ff6
cifar100_balanced_controls_checkpoints.tar.gz,cifar100_balanced_controls_balanced_disc_hard_budget30_seed4_final.pth,44994888,42a6c46e08f3f8731568f4fca1170fa8f2a7662b6563846fd1c6329d6cb09c69
cifar100_balanced_controls_checkpoints.tar.gz,cifar100_balanced_controls_balanced_gen_hard_budget10_seed0_final.pth,44994698,23a593ee6505bbc02b435e3ec7764549ec7b89602886ead10a7f9e442dc98c82
cifar100_balanced_controls_checkpoints.tar.gz,cifar100_balanced_controls_balanced_gen_hard_budget10_seed1_final.pth,44994698,1e446854c1c3ed5b6072cd26864b62beb6f43d0b36fd9c7c8045ac149622de55
cifar100_balanced_controls_checkpoints.tar.gz,cifar100_balanced_controls_balanced_gen_hard_budget10_seed2_final.pth,44994698,61ba0fd1345e357a2d73e7b60e2c1575ea62f84bc0eff785b0bec86914b2f5cb
cifar100_balanced_controls_checkpoints.tar.gz,cifar100_balanced_controls_balanced_gen_hard_budget10_seed3_final.pth,44994698,7d006a27061295413eeba1a9e7b4543803d6669975ba19e9baceab860a8503da
cifar100_balanced_controls_checkpoints.tar.gz,cifar100_balanced_controls_balanced_gen_hard_budget10_seed4_final.pth,44994698,47bf137023c150006a15a2920aca8946bff95979d9443adf4535dfbb22b64028
cifar100_balanced_controls_checkpoints.tar.gz,cifar100_balanced_controls_balanced_gen_hard_budget30_seed0_final.pth,44994698,bf3cbfa803e9db8491d1f6747e5874d33a0a986bccfae7244cd15b467bfb6335
cifar100_balanced_controls_checkpoints.tar.gz,cifar100_balanced_controls_balanced_gen_hard_budget30_seed1_final.pth,44994698,3221e7264911775b7b57f3c49e559c64904666a1c9eb7182cf6e2fd8a2268830
cifar100_balanced_controls_checkpoints.tar.gz,cifar100_balanced_controls_balanced_gen_hard_budget30_seed2_final.pth,44994698,cbc59ee9b8dd5aa1c26bcc29103551a961606be04c00c63ad0754cfaac6c8ba8
cifar100_balanced_controls_checkpoints.tar.gz,cifar100_balanced_controls_balanced_gen_hard_budget30_seed3_final.pth,44994698,9c65dd404e201c227fad768bac6b6d2f5541c449c54fdab4056581f5c53af1ad
cifar100_balanced_controls_checkpoints.tar.gz,cifar100_balanced_controls_balanced_gen_hard_budget30_seed4_final.pth,44994698,1a56121fb56e35fa50c9bb3e0660c995fe458842c9983da471ad967f3f82f01c
cifar100_balanced_controls_checkpoints.tar.gz,cifar100_balanced_controls_balanced_random_budget10_seed0_final.pth,44994254,dc921f5733d697c57aab33cee5278e221b18da9ac2153a949f48d7bd094aa21a
cifar100_balanced_controls_checkpoints.tar.gz,cifar100_balanced_controls_balanced_random_budget10_seed1_final.pth,44994254,4b2b0a2581bcc51b935a2044dd060f421421721178f2d58309298254426bb624
cifar100_balanced_controls_checkpoints.tar.gz,cifar100_balanced_controls_balanced_random_budget10_seed2_final.pth,44994254,96fa8446de8d817746282f24963db9118291ef2d103e484fd4f7b48fabd40037
cifar100_balanced_controls_checkpoints.tar.gz,cifar100_balanced_controls_balanced_random_budget10_seed3_final.pth,44994254,14a64a3daac5d6783856200b6230ab0bac8d367e4620492b92c45c51d3752dd2
cifar100_balanced_controls_checkpoints.tar.gz,cifar100_balanced_controls_balanced_random_budget10_seed4_final.pth,44994254,fa0bc43ee73781e858d8a8b4b5a67d49701db6509d52055b2920849ae8afe0a1
cifar100_balanced_controls_checkpoints.tar.gz,cifar100_balanced_controls_balanced_random_budget30_seed0_final.pth,44994254,6b19a98e333377b8e67c0a7f1741500711294f8f8444749c448e33184536a1a1
cifar100_balanced_controls_checkpoints.tar.gz,cifar100_balanced_controls_balanced_random_budget30_seed1_final.pth,44994254,2c4059d09b9bb7e54c1aa304b0ad029ad098dc9d0776ef73f4bdf69d6ece01ae
cifar100_balanced_controls_checkpoints.tar.gz,cifar100_balanced_controls_balanced_random_budget30_seed2_final.pth,44994254,7cfdf8cb4c65c6e7b0851abdcd3e515b3f74938f0e98262c1de53ae3a8164c31
cifar100_balanced_controls_checkpoints.tar.gz,cifar100_balanced_controls_balanced_random_budget30_seed3_final.pth,44994254,912a884a4b09f53bc33de11dc1c6976573e12fd8de4894fa7a1830b1232f071b
cifar100_balanced_controls_checkpoints.tar.gz,cifar100_balanced_controls_balanced_random_budget30_seed4_final.pth,44994254,abf289637ca577faa99fa9e60afef5b3d25923d6166bd8559ddc83ec588c6a42
cifar100_balanced_controls_checkpoints.tar.gz,MANIFEST.csv,12025,0fa1024f648f9fc764ac7964479058aebea0fe06b969f439ee9bc1221e293780
cifar100_balanced_controls_checkpoints.tar.gz,README.txt,1088,7d3980072c585c0f7c9ab44a531ab72e99d8454282ab750a625435b48f2dd2b8
cifar100_main_selection_budget10_checkpoints.tar.gz,cifar100_main_gate3_coreset_kcenter_budget10_seed0_final.pth,44992284,2024a0a63788e68f78eb74653a065b92fdb83e42c1cc6749651a3e25fa0d2074
cifar100_main_selection_budget10_checkpoints.tar.gz,cifar100_main_gate3_coreset_kcenter_budget10_seed1_final.pth,44992284,1e3cb979bb96179c93b3195839ee1b49e6f1d1ca604304af7d61d01e088cca64
cifar100_main_selection_budget10_checkpoints.tar.gz,cifar100_main_gate3_coreset_kcenter_budget10_seed2_final.pth,44992284,32a4ea5fe381b6ffc5f817b0d0aca4ce74a641df131cad8e707a83f1df39b9b7
cifar100_main_selection_budget10_checkpoints.tar.gz,cifar100_main_gate3_coreset_kcenter_budget10_seed3_final.pth,44992284,c94d9af9e5ba1f72133c092a99b4bceeae3b2d911c83372fc8f39fcf0638ad7d
cifar100_main_selection_budget10_checkpoints.tar.gz,cifar100_main_gate3_coreset_kcenter_budget10_seed4_final.pth,44992284,881fa62baca231987e396d047e8d6806c6d17b175515f43ca3c7c2e963a039d6
cifar100_main_selection_budget10_checkpoints.tar.gz,cifar100_main_gate3_disc_hard_budget10_seed0_final.pth,44991400,55eecffb7677045b48ebf131a1ecce464c8b386dcdd0f531771f662c09be812b
cifar100_main_selection_budget10_checkpoints.tar.gz,cifar100_main_gate3_disc_hard_budget10_seed1_final.pth,44991400,1f7ab986261dc43dc2e004ebedd05bfa40376b2f8038bc98d5b2071aee596631
cifar100_main_selection_budget10_checkpoints.tar.gz,cifar100_main_gate3_disc_hard_budget10_seed2_final.pth,44991400,64c7f1d419f7d65d3697d87d2f7cb9c3565d7d2e8c6b96bc34211e701bb490fd
cifar100_main_selection_budget10_checkpoints.tar.gz,cifar100_main_gate3_disc_hard_budget10_seed3_final.pth,44991400,7a8bcb87c0e97b7257980084cf7c90973bc4eb82056631ba387e1cbe47cc6800
cifar100_main_selection_budget10_checkpoints.tar.gz,cifar100_main_gate3_disc_hard_budget10_seed4_final.pth,44991400,9ad4bc14ca186a736484bd2ac075e4637be40c2cef400d4138b57a4c82c7859b
cifar100_main_selection_budget10_checkpoints.tar.gz,cifar100_main_gate3_gen_hard_budget10_seed0_final.pth,44991274,4225b521efec5bd6ced3738fc40f3db06deecd27ca4a5eb7f26456f03d5c3ff7
cifar100_main_selection_budget10_checkpoints.tar.gz,cifar100_main_gate3_gen_hard_budget10_seed1_final.pth,44991274,2f7d4881f3dfb71ab361f6fbb4419c6b5403843e737bda5274a85fe1e486aaec
cifar100_main_selection_budget10_checkpoints.tar.gz,cifar100_main_gate3_gen_hard_budget10_seed2_final.pth,44991274,2117e652689cc124e7ffc97b1c73f09f52d58f83fb987799ed16d84f0ab9b7a4
cifar100_main_selection_budget10_checkpoints.tar.gz,cifar100_main_gate3_gen_hard_budget10_seed3_final.pth,44991274,ea7314d7a65a666461d0bf54fccdd11979b89bb9b6f8c19549924856acb4cdcf
cifar100_main_selection_budget10_checkpoints.tar.gz,cifar100_main_gate3_gen_hard_budget10_seed4_final.pth,44991274,4aa0e6968bcc0d9d3a01e91216cf32a78f5bc58503c34c8cd66fbe4c8a18feb3
cifar100_main_selection_budget10_checkpoints.tar.gz,cifar100_main_gate3_ohs_xorp75_budget10_seed0_final.pth,44991526,06e0b2a9b57580af742e36f60666470f200c65e7116ffb239d1f48693eb0c86d
cifar100_main_selection_budget10_checkpoints.tar.gz,cifar100_main_gate3_ohs_xorp75_budget10_seed1_final.pth,44991526,d34e65f89c05431062844ae3ecda52814168f6259f90eb70b7df169152ef7ea9
cifar100_main_selection_budget10_checkpoints.tar.gz,cifar100_main_gate3_ohs_xorp75_budget10_seed2_final.pth,44991526,65dfab443bdb8ab980b3670b82096b4ba6e13d7eeb6f7c565fd354aab347edaa
cifar100_main_selection_budget10_checkpoints.tar.gz,cifar100_main_gate3_ohs_xorp75_budget10_seed3_final.pth,44991526,a6c08ed6d0cb6db9f711dc9263079149e4176c1f72853e728ff1d02cb85bc93b
cifar100_main_selection_budget10_checkpoints.tar.gz,cifar100_main_gate3_ohs_xorp75_budget10_seed4_final.pth,44991526,88ce054dd9289e38dc02e700064d8e3ccd78e5feb85f6bcdb58dc405fd9bbd12
cifar100_main_selection_budget10_checkpoints.tar.gz,cifar100_main_gate3_predictive_entropy_budget10_seed0_final.pth,44992662,2247a29f9ae71c7da668280442d574a0e2fc7ca202b8123b00da6a9d28d68931
cifar100_main_selection_budget10_checkpoints.tar.gz,cifar100_main_gate3_predictive_entropy_budget10_seed1_final.pth,44992662,90356107000cdbc1edafc2b39beb7e812bfb379c5ec9893bc6bb1192399ca379
cifar100_main_selection_budget10_checkpoints.tar.gz,cifar100_main_gate3_predictive_entropy_budget10_seed2_final.pth,44992662,6bb51a67751ad3f73e3be8dce1bc28ac72df8666ee1961c3ad691cab052c0405
cifar100_main_selection_budget10_checkpoints.tar.gz,cifar100_main_gate3_predictive_entropy_budget10_seed3_final.pth,44992662,0825edee42b0c9d77bae42b91394284e63edc921cd4115cfc3036e630d0c133f
cifar100_main_selection_budget10_checkpoints.tar.gz,cifar100_main_gate3_predictive_entropy_budget10_seed4_final.pth,44992662,062d3b10effaea4b30f946b00b5fd7516d11fa84ae625e05dbad4ad4be2ab43d
cifar100_main_selection_budget10_checkpoints.tar.gz,cifar100_main_gate3_random_budget10_seed0_final.pth,44991022,5ffb0515ceb96d3c4028051e71eaef828e3dc43a6d4aa75ae8157712cb3fb77f
cifar100_main_selection_budget10_checkpoints.tar.gz,cifar100_main_gate3_random_budget10_seed1_final.pth,44991022,e89cf2f7416fb60392f593024f82f4d25b3f629375496c44d990ed987eae746d
cifar100_main_selection_budget10_checkpoints.tar.gz,cifar100_main_gate3_random_budget10_seed2_final.pth,44991022,4594c98d01b1a6c8abe664f2c670b6310e54d6cc58baef9491e015fff98ffcff
cifar100_main_selection_budget10_checkpoints.tar.gz,cifar100_main_gate3_random_budget10_seed3_final.pth,44991022,17e8d450d59475529197d615b5bc01746f70a98720d31f113c969317c29f9159
cifar100_main_selection_budget10_checkpoints.tar.gz,cifar100_main_gate3_random_budget10_seed4_final.pth,44991022,6c8491bca091c0b4f824555e0ee310dac25cd2ca45f8745bd691971b5b7a2aed
cifar100_main_selection_budget10_checkpoints.tar.gz,MANIFEST.csv,11265,fe2963984acc3b422c2df54f2d7fd1e487ffa13537c2fc8878f2da136e2e7535
cifar100_main_selection_budget10_checkpoints.tar.gz,README.txt,1098,bebdff7251537c75800c7c5f5b601a8cd99effedde2e837a821ddf8b8462c469
cifar100_main_selection_budget30_checkpoints.tar.gz,cifar100_main_gate3_coreset_kcenter_budget30_seed0_final.pth,44992284,cac4792ba8d85aa1897716e552b2a3e1e75dfba42ca2484f61dee0bdd55d813b
cifar100_main_selection_budget30_checkpoints.tar.gz,cifar100_main_gate3_coreset_kcenter_budget30_seed1_final.pth,44992284,aca7e3f87eaff8ab6c5237d4a1a8d456b9a090871e58715a514ee00930676417
cifar100_main_selection_budget30_checkpoints.tar.gz,cifar100_main_gate3_coreset_kcenter_budget30_seed2_final.pth,44992284,882e49ee7c3472c6b12d96d0bde07d6f517a8726343918ae0327b2dc732fa424
cifar100_main_selection_budget30_checkpoints.tar.gz,cifar100_main_gate3_coreset_kcenter_budget30_seed3_final.pth,44992284,9cfbe5bad0c5511ac43e1b119c6d2df109542468a8660ec675168b1ffa5a70a0
cifar100_main_selection_budget30_checkpoints.tar.gz,cifar100_main_gate3_coreset_kcenter_budget30_seed4_final.pth,44992284,a94ab104e536a1ac06601987ec6ba36efb595d1ece1b12bd585a48035588a1f5
cifar100_main_selection_budget30_checkpoints.tar.gz,cifar100_main_gate3_disc_hard_budget30_seed0_final.pth,44991400,4e7622f4c3d314877a9a45b76f2510c895f93e2fb8e5dca22d731022e9e1bd6c
cifar100_main_selection_budget30_checkpoints.tar.gz,cifar100_main_gate3_disc_hard_budget30_seed1_final.pth,44991400,6be912d4b42a85d32a999410774c7d109f79d49f52f28fd745caf18a38194971
cifar100_main_selection_budget30_checkpoints.tar.gz,cifar100_main_gate3_disc_hard_budget30_seed2_final.pth,44991400,9a9ac2e4144cb619b4f317ccd17bf664cc260200c9039af73dc83dda16c30d2c
cifar100_main_selection_budget30_checkpoints.tar.gz,cifar100_main_gate3_disc_hard_budget30_seed3_final.pth,44991400,fa83d1dff67406e79231475a8cea6ef9a29714f64303a96bece284bfdbbc6453
cifar100_main_selection_budget30_checkpoints.tar.gz,cifar100_main_gate3_disc_hard_budget30_seed4_final.pth,44991400,758e73da5b0308a47c8351f95c7703f2b5a6a6a2b43c4098230b32f925cce5be
cifar100_main_selection_budget30_checkpoints.tar.gz,cifar100_main_gate3_gen_hard_budget30_seed0_final.pth,44991274,ed2a60f1c06b47703fa5562397775b051a895d86bd910377710de5182bc0a0b7
cifar100_main_selection_budget30_checkpoints.tar.gz,cifar100_main_gate3_gen_hard_budget30_seed1_final.pth,44991274,04b2619234c9b4c6a6893c7834da978711a92d07dac471736b387ce944c6b89a
cifar100_main_selection_budget30_checkpoints.tar.gz,cifar100_main_gate3_gen_hard_budget30_seed2_final.pth,44991274,76aac1915d2020327df361208645db11c448ec90167feb75c9a2178de111d0a7
cifar100_main_selection_budget30_checkpoints.tar.gz,cifar100_main_gate3_gen_hard_budget30_seed3_final.pth,44991274,af48002fc294a97492c977af70573a2eb962b5a808696e3945f60ce38914333f
cifar100_main_selection_budget30_checkpoints.tar.gz,cifar100_main_gate3_gen_hard_budget30_seed4_final.pth,44991274,e1041e12cf37e660994ee48d5d17d2a541d972f12331d3f0bc0367a37194630c
cifar100_main_selection_budget30_checkpoints.tar.gz,cifar100_main_gate3_ohs_xorp75_budget30_seed0_final.pth,44991526,1c49c44104fe4dd4f915924ee97180ca8f26b066e770cdfa05c791b1f5af123a
cifar100_main_selection_budget30_checkpoints.tar.gz,cifar100_main_gate3_ohs_xorp75_budget30_seed1_final.pth,44991526,277e1fa1c1218b911cb86e0a7876e7131096357965f74f591575a49aac492acf
cifar100_main_selection_budget30_checkpoints.tar.gz,cifar100_main_gate3_ohs_xorp75_budget30_seed2_final.pth,44991526,b8c1a804508b34177f0f5d96407756c16720ba5b1dd7e12a1c19539e76ec629b
cifar100_main_selection_budget30_checkpoints.tar.gz,cifar100_main_gate3_ohs_xorp75_budget30_seed3_final.pth,44991526,89c8b8e52e9d5dceb8215568acb413bc84a2f37a3ea4433379dc6d2e36b057db
cifar100_main_selection_budget30_checkpoints.tar.gz,cifar100_main_gate3_ohs_xorp75_budget30_seed4_final.pth,44991526,7f4555a4fa1a370b55502cf3933f2f085fe70cff5fbae1280e2096cb6af30039
cifar100_main_selection_budget30_checkpoints.tar.gz,cifar100_main_gate3_predictive_entropy_budget30_seed0_final.pth,44992662,710de05a925916563915207fed11fc27feae03852de09e964bbd7270412e6504
cifar100_main_selection_budget30_checkpoints.tar.gz,cifar100_main_gate3_predictive_entropy_budget30_seed1_final.pth,44992662,428b8d4c2443c1ea5f1ceff9cb455e40eb7f6dc394f47bd80ebc94c532e03585
cifar100_main_selection_budget30_checkpoints.tar.gz,cifar100_main_gate3_predictive_entropy_budget30_seed2_final.pth,44992662,0087679a4126708f67ac15fd661819e7fe3ae73dd6e31e826d57e7b3adf3b8fc
cifar100_main_selection_budget30_checkpoints.tar.gz,cifar100_main_gate3_predictive_entropy_budget30_seed3_final.pth,44992662,e9de324fc85771c64353ce21b45860197cb36c6f50b6e9ef9bec12a6ec8dc46b
cifar100_main_selection_budget30_checkpoints.tar.gz,cifar100_main_gate3_predictive_entropy_budget30_seed4_final.pth,44992662,87e8c291ec7a0ff328e176f05300ee799c171512df28550cf9d99d1fb04239ec
cifar100_main_selection_budget30_checkpoints.tar.gz,cifar100_main_gate3_random_budget30_seed0_final.pth,44991022,9772f17227829872c321f011d149b99838ed8049cc3ec7c987376a5d43e225f6
cifar100_main_selection_budget30_checkpoints.tar.gz,cifar100_main_gate3_random_budget30_seed1_final.pth,44991022,dc364e68f8b645735c3d43138ee7ad1a256e5c60e33e5d849ca7b65054ca8544
cifar100_main_selection_budget30_checkpoints.tar.gz,cifar100_main_gate3_random_budget30_seed2_final.pth,44991022,74bc9e9c6bfebd28513f8ccc271efce8de06f60e92374ee283996a0a41645895
cifar100_main_selection_budget30_checkpoints.tar.gz,cifar100_main_gate3_random_budget30_seed3_final.pth,44991022,43cb100cfaecddc8545f7dfc3b1400295c83d14177ba3e9a6808a829af12355c
cifar100_main_selection_budget30_checkpoints.tar.gz,cifar100_main_gate3_random_budget30_seed4_final.pth,44991022,5b267ec60283412abbb83b63202b3f8946cb12c523a1e0997cc29792a9062e67
cifar100_main_selection_budget30_checkpoints.tar.gz,MANIFEST.csv,11265,94f207fed5a2f468e4e336c90c6fab577d3e4e97947b365899ea87d5a868717d
cifar100_main_selection_budget30_checkpoints.tar.gz,README.txt,1098,c6f054b53ab3fe3035aab34ceff3ec64ae0bf4c655ed98931b2e473f1a3a898a
cifar100_main_selection_budget50_checkpoints.tar.gz,cifar100_main_gate3_coreset_kcenter_budget50_seed0_final.pth,44992284,3f8c8142887b895ebf58a336b264365295212f7997542bfad6399e7b08d0d78f
cifar100_main_selection_budget50_checkpoints.tar.gz,cifar100_main_gate3_coreset_kcenter_budget50_seed1_final.pth,44992284,76bce7ca0a9a4905cbebbb785cb09c7806d4307723555d245668dc0423f389f7
cifar100_main_selection_budget50_checkpoints.tar.gz,cifar100_main_gate3_coreset_kcenter_budget50_seed2_final.pth,44992284,b0ef5fa5eba363e4986248db37771613476e11a97dc7a1b31370a5e97af4ad7f
cifar100_main_selection_budget50_checkpoints.tar.gz,cifar100_main_gate3_coreset_kcenter_budget50_seed3_final.pth,44992284,c8559377fb2f247526a9f9706870ba00b0cbde6a066ba93d3f8d6233656b6ccc
cifar100_main_selection_budget50_checkpoints.tar.gz,cifar100_main_gate3_coreset_kcenter_budget50_seed4_final.pth,44992284,af6642563bc63f545239f3a4cd68e93f9bb0840baf8636792e89ea183fdea2a7
cifar100_main_selection_budget50_checkpoints.tar.gz,cifar100_main_gate3_disc_hard_budget50_seed0_final.pth,44991400,ad5e87c0f0852d14fcdd9a2b1e6d99ad47a818d5ac0cbadcc94cf8430bc3bac1
cifar100_main_selection_budget50_checkpoints.tar.gz,cifar100_main_gate3_disc_hard_budget50_seed1_final.pth,44991400,c77c2f5925c523053eb99784aff9246bc9cb39daf415c3ba820d6e6811f8d226
cifar100_main_selection_budget50_checkpoints.tar.gz,cifar100_main_gate3_disc_hard_budget50_seed2_final.pth,44991400,e7758de8fbff8e82028f5af6938356017c2403fcf19fc46a4c856b7edf915fc0
cifar100_main_selection_budget50_checkpoints.tar.gz,cifar100_main_gate3_disc_hard_budget50_seed3_final.pth,44991400,adc9aa2fac5678fc60291e4f4c924b493f61748e413691f6ff69dd71a9721899
cifar100_main_selection_budget50_checkpoints.tar.gz,cifar100_main_gate3_disc_hard_budget50_seed4_final.pth,44991400,5308ca8dc3dc86aca8aa265dd49168b8c587705b313e5b3519507978da17f029
cifar100_main_selection_budget50_checkpoints.tar.gz,cifar100_main_gate3_gen_hard_budget50_seed0_final.pth,44991274,2e2eb1ebcf06c5754d503e4fbdb6306cd6e7d12710fa139ffd4e64fb617bd9b3
cifar100_main_selection_budget50_checkpoints.tar.gz,cifar100_main_gate3_gen_hard_budget50_seed1_final.pth,44991274,38fb9a8b2cfb445398150879d040d3a5fdde84a2b3ee31974928024bfe42c78c
cifar100_main_selection_budget50_checkpoints.tar.gz,cifar100_main_gate3_gen_hard_budget50_seed2_final.pth,44991274,426c47b0f20eec1749bea7ba35e6c8def16e08d2f8bbd998e49fcea409ebd865
cifar100_main_selection_budget50_checkpoints.tar.gz,cifar100_main_gate3_gen_hard_budget50_seed3_final.pth,44991274,f307626c73fc3de9cf626183c50e337206f2f29c8866e733ce56c33b71f6f3dc
cifar100_main_selection_budget50_checkpoints.tar.gz,cifar100_main_gate3_gen_hard_budget50_seed4_final.pth,44991274,598579d69b9d8cc128a02377ce9cb0231e0c9f4cff2919e47af8c96ddf0d569e
cifar100_main_selection_budget50_checkpoints.tar.gz,cifar100_main_gate3_ohs_xorp75_budget50_seed0_final.pth,44991526,1d4086ed16c5c94e9dcbf47d55f0f43bf114ce8874d139df7fb8f24a5e78305b
cifar100_main_selection_budget50_checkpoints.tar.gz,cifar100_main_gate3_ohs_xorp75_budget50_seed1_final.pth,44991526,0ab0df0c530b4f8576ae3bad5e5df55b6916461ffe767f76ec910130e293c06e
cifar100_main_selection_budget50_checkpoints.tar.gz,cifar100_main_gate3_ohs_xorp75_budget50_seed2_final.pth,44991526,32d82ebe6579647333cbbdbc91117e5daff83a7acf348633888c16c6134c9eb0
cifar100_main_selection_budget50_checkpoints.tar.gz,cifar100_main_gate3_ohs_xorp75_budget50_seed3_final.pth,44991526,187e4be7c2ece3b253e240a73df47b7178cd7db15f484bf5d31a5285a8bf318f
cifar100_main_selection_budget50_checkpoints.tar.gz,cifar100_main_gate3_ohs_xorp75_budget50_seed4_final.pth,44991526,f411421321a5a35a0ee6c612b960e7747100e6762489bba8fb01a3398cdd70d3
cifar100_main_selection_budget50_checkpoints.tar.gz,cifar100_main_gate3_predictive_entropy_budget50_seed0_final.pth,44992662,b79ca441d714ec74fa34a40787463fb55370a8726b6950b67990c33143761557
cifar100_main_selection_budget50_checkpoints.tar.gz,cifar100_main_gate3_predictive_entropy_budget50_seed1_final.pth,44992662,5f8d013aff7f6d662afed972e606743515383b62896ba9320ba2a28835d8faa0
cifar100_main_selection_budget50_checkpoints.tar.gz,cifar100_main_gate3_predictive_entropy_budget50_seed2_final.pth,44992662,7d55135a6e6d0917228a7ca772afd26d6ba264073e2e87559ddf56ab70436fe8
cifar100_main_selection_budget50_checkpoints.tar.gz,cifar100_main_gate3_predictive_entropy_budget50_seed3_final.pth,44992662,75b35ec8ef3f9686564e5487709889f76ad7fa83f5d55a2799ff6805dca86b8d
cifar100_main_selection_budget50_checkpoints.tar.gz,cifar100_main_gate3_predictive_entropy_budget50_seed4_final.pth,44992662,b18426ce7774605e6feaee7ab57303b97636e3ce0af742b3da237589543ee786
cifar100_main_selection_budget50_checkpoints.tar.gz,cifar100_main_gate3_random_budget50_seed0_final.pth,44991022,26951998268e4a8d640b2093ec3b19ecd886df9cc9d131b8356c585ef1e9973d
cifar100_main_selection_budget50_checkpoints.tar.gz,cifar100_main_gate3_random_budget50_seed1_final.pth,44991022,a2b848624b5bfb1df656ca547af4415a25b5455a7bda30e145fc0a585723bef4
cifar100_main_selection_budget50_checkpoints.tar.gz,cifar100_main_gate3_random_budget50_seed2_final.pth,44991022,31b3d5bff9cec81d088c095d49769f491ab091ddd466e49267f7a11537aa403a
cifar100_main_selection_budget50_checkpoints.tar.gz,cifar100_main_gate3_random_budget50_seed3_final.pth,44991022,6f0f971134b1415bfd0bd86bc8611407bb1095ddd5de35129a5442bf5d4a1c02
cifar100_main_selection_budget50_checkpoints.tar.gz,cifar100_main_gate3_random_budget50_seed4_final.pth,44991022,4fccad8b2f77ef734fdbcc4b3c763cb283f724375c4229f5b572e85c6b979f24
cifar100_main_selection_budget50_checkpoints.tar.gz,MANIFEST.csv,11265,39a09da44431e30c571aeb6b1e50a39ad095f26ad23fcdd836a3f0acc838994b
cifar100_main_selection_budget50_checkpoints.tar.gz,README.txt,1098,ce359ae2bcca8bdb53474b8a196e606fd42a7d391c8caee8bf3629983cb44743
cifar100_main_selection_budget70_checkpoints.tar.gz,cifar100_main_gate3_coreset_kcenter_budget70_seed0_final.pth,44992284,f3ae7ac70cbc95d24e667ce90e7b2834d9b5d4efd8efde4782d6cc7f0b9bb43f
cifar100_main_selection_budget70_checkpoints.tar.gz,cifar100_main_gate3_coreset_kcenter_budget70_seed1_final.pth,44992284,d4357673327600db123cbb14a4c2d40efb0c550dc52d705ff42ffce895440679
cifar100_main_selection_budget70_checkpoints.tar.gz,cifar100_main_gate3_coreset_kcenter_budget70_seed2_final.pth,44992284,d530bd108406e2ce60feb51a597876cbe0bede3106c59c69b2a0bec120baa9af
cifar100_main_selection_budget70_checkpoints.tar.gz,cifar100_main_gate3_coreset_kcenter_budget70_seed3_final.pth,44992284,00264bf160f64625566bc0e593234168bae31f20fb21784b87985dcb73d99c41
cifar100_main_selection_budget70_checkpoints.tar.gz,cifar100_main_gate3_coreset_kcenter_budget70_seed4_final.pth,44992284,8521b290b63f29d8e77ccd9bd1a2a89a997a533dce6edf4c9f61b9bc8926b65c
cifar100_main_selection_budget70_checkpoints.tar.gz,cifar100_main_gate3_disc_hard_budget70_seed0_final.pth,44991400,8f41b8995b643c7e164a3e89f36021feaccef806d04cdad812e9549f9e63abfe
cifar100_main_selection_budget70_checkpoints.tar.gz,cifar100_main_gate3_disc_hard_budget70_seed1_final.pth,44991400,0759e806ea24aa173071f67bdfdd1351035d45cffc228966e289d7c1c4493b7f
cifar100_main_selection_budget70_checkpoints.tar.gz,cifar100_main_gate3_disc_hard_budget70_seed2_final.pth,44991400,a79cbe155359b5844d1a684fc39028b9ecaab0ea73ef196d72f57e9dfa78b06d
cifar100_main_selection_budget70_checkpoints.tar.gz,cifar100_main_gate3_disc_hard_budget70_seed3_final.pth,44991400,ab1d36d5e8af480cfaa1cedf06f96cd5f9af5a91055e1081e28cbcfa6d73e8d1
cifar100_main_selection_budget70_checkpoints.tar.gz,cifar100_main_gate3_disc_hard_budget70_seed4_final.pth,44991400,fc710d3116425d7deea893aff1256ee9a11d2f6d34d993574140102218b9cf7c
cifar100_main_selection_budget70_checkpoints.tar.gz,cifar100_main_gate3_gen_hard_budget70_seed0_final.pth,44991274,08e651a2cd45c5f4ba993bab9b879081113ee25370b327701c5b80b5ed26943e
cifar100_main_selection_budget70_checkpoints.tar.gz,cifar100_main_gate3_gen_hard_budget70_seed1_final.pth,44991274,7d3cf280fd8bdd630c95b53d6d483c0dc5eb4c9959be7875d823706247a6537c
cifar100_main_selection_budget70_checkpoints.tar.gz,cifar100_main_gate3_gen_hard_budget70_seed2_final.pth,44991274,f31e85a5d5b84b07af8c61e2122e27970ebbba2767575a15cd8b709ea9aa3828
cifar100_main_selection_budget70_checkpoints.tar.gz,cifar100_main_gate3_gen_hard_budget70_seed3_final.pth,44991274,c2b587a15a84a2d6f2a389c97eeaac5c26d2a5ed1199f838d85ed0f8d355e587
cifar100_main_selection_budget70_checkpoints.tar.gz,cifar100_main_gate3_gen_hard_budget70_seed4_final.pth,44991274,de6b0c23d5a1bb5d0ff1808b2b8811621d4343c4a4aa60bfe0b3910cf559f07f
cifar100_main_selection_budget70_checkpoints.tar.gz,cifar100_main_gate3_ohs_xorp75_budget70_seed0_final.pth,44991526,43635222642b4727c77d4b7265ef5f207d5c65e25c3aa9cca5a16c0305b68fae
cifar100_main_selection_budget70_checkpoints.tar.gz,cifar100_main_gate3_ohs_xorp75_budget70_seed1_final.pth,44991526,6e0aad70e937b82677dcd235453526fd9cf3cfabec2bf2b05d969692d2beba95
cifar100_main_selection_budget70_checkpoints.tar.gz,cifar100_main_gate3_ohs_xorp75_budget70_seed2_final.pth,44991526,cee6080f25a5b9b50ed07e198664381d6d14549d5d741be3dd799c48e5ccd4a4
cifar100_main_selection_budget70_checkpoints.tar.gz,cifar100_main_gate3_ohs_xorp75_budget70_seed3_final.pth,44991526,5eec43083329edd33ce3faf8c34623b2f14b94e276b82154ed0f775507321f65
cifar100_main_selection_budget70_checkpoints.tar.gz,cifar100_main_gate3_ohs_xorp75_budget70_seed4_final.pth,44991526,b2c7a6fda1305f32fab2cf0a98c53e2c4f2baa52984495020e9b61baff1a6c42
cifar100_main_selection_budget70_checkpoints.tar.gz,cifar100_main_gate3_predictive_entropy_budget70_seed0_final.pth,44992662,398d33b9906ff5b4ae551f2dc99a65b2db7982a961a756c50abd54d9cc63c127
cifar100_main_selection_budget70_checkpoints.tar.gz,cifar100_main_gate3_predictive_entropy_budget70_seed1_final.pth,44992662,e8ec2a7180dc26c05d5e3539e58be9188e9370116c0392f8a4d63b549c3ce19e
cifar100_main_selection_budget70_checkpoints.tar.gz,cifar100_main_gate3_predictive_entropy_budget70_seed2_final.pth,44992662,dd81290c60b5dd127b72791cdf73ea3a1861026a5a3adad0cccc076f9934d51d
cifar100_main_selection_budget70_checkpoints.tar.gz,cifar100_main_gate3_predictive_entropy_budget70_seed3_final.pth,44992662,9688fe2971dd76bbb1788d5f56a3924fbc9d21d767b4ffcbc00da24290d7f47a
cifar100_main_selection_budget70_checkpoints.tar.gz,cifar100_main_gate3_predictive_entropy_budget70_seed4_final.pth,44992662,9f3f287e5f1b08d5edb423aa6a59ebf17ace16ed9734098d9b2044f7b00dcbd6
cifar100_main_selection_budget70_checkpoints.tar.gz,cifar100_main_gate3_random_budget70_seed0_final.pth,44991022,0e66d6f93ffa88b13ed9e5dfd200b99f1dc638ae21ceedfa26b1500395b57869
cifar100_main_selection_budget70_checkpoints.tar.gz,cifar100_main_gate3_random_budget70_seed1_final.pth,44991022,2107ec27e1690548cb33bb7744a3017f41a2095df11f8fa4a16b013f09a72016
cifar100_main_selection_budget70_checkpoints.tar.gz,cifar100_main_gate3_random_budget70_seed2_final.pth,44991022,9cd68bfe68ef282c85d8dfd412f82c58eb577ead940463d9ef54bfc2a14334a3
cifar100_main_selection_budget70_checkpoints.tar.gz,cifar100_main_gate3_random_budget70_seed3_final.pth,44991022,3fe7417d3c7bdd026f1678fe7a59fd8436806fc461f0da2795a1e38d8cfc3500
cifar100_main_selection_budget70_checkpoints.tar.gz,cifar100_main_gate3_random_budget70_seed4_final.pth,44991022,53671f3425907ba65fbfbfa88a0d187560e5d14a565313da92017809be908a8d
cifar100_main_selection_budget70_checkpoints.tar.gz,MANIFEST.csv,11265,4d7b84c73ab4a5b9dc065fc227d531e98976efb28cd979f4d63b01f2f5aa5eea
cifar100_main_selection_budget70_checkpoints.tar.gz,README.txt,1098,b6ea7c38728a21b2b5c25866fda50178489a0cdaf51e0a498a41371869f64fce
convae_checkpoint.tar.gz,dataset_specific_ae_reconstruction_full_seed0_final.pth,1630788,af3947cec03bb92d196136cee7c0bd33f34cd859537761a59e22abdf493526ea
convae_checkpoint.tar.gz,MANIFEST.csv,535,e258d375db319b05ba15de4f346d13b0ecc5d16b0624da6e1f6d5e3e6452d48f
convae_checkpoint.tar.gz,README.txt,1026,3d765925c71c1aca6fbc66ef4643511e0715f84b9e0348e80b5035b33bb9243b
ddpm_ordering_checkpoints.tar.gz,ddpm_ordering_easy_to_hard_budget100_seed3_final.pth,44991148,1d1f5c724dcbfdb1db9851bc32a3a69e29d73468210d84ab50a4ce07ff3c8dba
ddpm_ordering_checkpoints.tar.gz,ddpm_ordering_easy_to_hard_budget100_seed4_final.pth,44991148,ca8ecdddbf2ef7816a1a5a15169b108012b7b26eb462af9d8d9fdd626f100d46
ddpm_ordering_checkpoints.tar.gz,ddpm_ordering_easy_to_hard_budget100_seed5_final.pth,44991148,acada2ab4be54e49e4ac81dc6854e3b4e66ebb2024f95094584785d3c2655240
ddpm_ordering_checkpoints.tar.gz,ddpm_ordering_easy_to_hard_budget100_seed6_final.pth,44991148,b75fa70c757e9db56fee899bcbfac5c1f12c87377b1ca99cbb8922b32b7990b4
ddpm_ordering_checkpoints.tar.gz,ddpm_ordering_easy_to_hard_budget100_seed7_final.pth,44991148,af5fae3b9b640930a0a5be0ba87f3d9ae4f3f189e6f0bd809b58d3ebcffb449a
ddpm_ordering_checkpoints.tar.gz,ddpm_ordering_random_budget100_seed3_final.pth,44990392,9e1f0c13bdcbaeb30b47d02b8f79517b97246e330132019ad323fcbe00132d95
ddpm_ordering_checkpoints.tar.gz,ddpm_ordering_random_budget100_seed4_final.pth,44990392,3441112b3bb9602c933d4ad47a726a91f7bfe8a0b37e56b4e2a86bc02009abb9
ddpm_ordering_checkpoints.tar.gz,ddpm_ordering_random_budget100_seed5_final.pth,44990392,3b10afd5dc7852e278f1ebdea0bada804e4b6cecc6f30103f2b83f317d4fe320
ddpm_ordering_checkpoints.tar.gz,ddpm_ordering_random_budget100_seed6_final.pth,44990392,7b2e61a2f316ae007fe5e0b163f0b51f0f8796ea03e68823fa3e38e8bfa2393b
ddpm_ordering_checkpoints.tar.gz,ddpm_ordering_random_budget100_seed7_final.pth,44990392,2ae943cbef606c951662c7a450e89e967e0283969d64037fc9649f7446ff41eb
ddpm_ordering_checkpoints.tar.gz,ddpm_ordering_shuffled_proxy_order_budget100_seed0_final.pth,44992284,2989595271a60e889064d75c982d3ff0dc6b10a38594bbc8a3299dcc0bd3a69f
ddpm_ordering_checkpoints.tar.gz,ddpm_ordering_shuffled_proxy_order_budget100_seed1_final.pth,44992284,e4d5043c54a39002373c9dfa41679665ab05426ccd96abd51fbbeea372c5cbf8
ddpm_ordering_checkpoints.tar.gz,ddpm_ordering_shuffled_proxy_order_budget100_seed2_final.pth,44992284,18687a3978ab1a03776aa26bd1bf9b18c1effd77b8cb8e02a596a7afa3d52782
ddpm_ordering_checkpoints.tar.gz,ddpm_ordering_shuffled_proxy_order_budget100_seed3_final.pth,44992284,0fdb0962c72eb96affa18266fba3bca924233d611306522fd5a1836b202b6e55
ddpm_ordering_checkpoints.tar.gz,ddpm_ordering_shuffled_proxy_order_budget100_seed4_final.pth,44992284,5a64ca653295970b39f54fa0f6a092d6e6c8892a2aaf890ae7297aefe58691bb
ddpm_ordering_checkpoints.tar.gz,ddpm_ordering_shuffled_proxy_order_budget100_seed5_final.pth,44992284,31d862d95456456570d33c2d321d2df181fb6c9a43cf006fc56208fb644b6c96
ddpm_ordering_checkpoints.tar.gz,ddpm_ordering_shuffled_proxy_order_budget100_seed6_final.pth,44992284,fe64948aa62e8b9241c8ce4c360511eec62e0da2112b13828f8e29093aceb06b
ddpm_ordering_checkpoints.tar.gz,ddpm_ordering_shuffled_proxy_order_budget100_seed7_final.pth,44992284,9dc41804fc7711179e31fcff7b600024db79a3aeecc1d23884e74dbd34962b9e
ddpm_ordering_checkpoints.tar.gz,MANIFEST.csv,6857,3ab282d3e3edc8a7489060b50a52a886982d0dec90e615870a2453dbbf060735
ddpm_ordering_checkpoints.tar.gz,README.txt,1042,007e0dee16fb5adf098eb5f9555461c678b78235ff26a09367b94afc68ab7b5f
imagenet1k_vae_gate3_checkpoints.tar.gz,imagenet1k_vae_gate3_proxy_hard_budget30_seed0_best.pth,46838374,1939812213d43c00ecf0c352f733bbd445f722e0dc5842dfc147d52b8a0c2423
imagenet1k_vae_gate3_checkpoints.tar.gz,imagenet1k_vae_gate3_proxy_hard_budget30_seed0_final.pth,46838500,591c0146b088d0ba4362043e4d42f51f037e35b55cf4a1f5b230b01374a29835
imagenet1k_vae_gate3_checkpoints.tar.gz,imagenet1k_vae_gate3_proxy_hard_budget30_seed1_best.pth,46838374,2b655160ee3c58aae7ae7ab87d9fbf124d1b1a41a2790ce5abf2edf131a54286
imagenet1k_vae_gate3_checkpoints.tar.gz,imagenet1k_vae_gate3_proxy_hard_budget30_seed1_final.pth,46838500,8d60997cb4d5e57db9dd5479fb74549546d9e1c96635fdbf0fca7176ab80653f
imagenet1k_vae_gate3_checkpoints.tar.gz,imagenet1k_vae_gate3_proxy_hard_budget30_seed2_best.pth,46838374,a0fc2a9459929700ac4427a2d7c1265df37427ed5d58883d6d10cecf5167fb4b
imagenet1k_vae_gate3_checkpoints.tar.gz,imagenet1k_vae_gate3_proxy_hard_budget30_seed2_final.pth,46838500,013850bd3d0098f0bb2d2944d2bf77e60d42a790cc215d938aaee945ac425b55
imagenet1k_vae_gate3_checkpoints.tar.gz,imagenet1k_vae_gate3_proxy_hard_budget30_seed3_best.pth,46838374,4d06eaf70d85f6e9f40dad9b27764751a705db149865653ec1c30942712e3993
imagenet1k_vae_gate3_checkpoints.tar.gz,imagenet1k_vae_gate3_proxy_hard_budget30_seed3_final.pth,46838500,c542e98b080001b52fd11613b0e63c8c09ac4880cc2d66685b93e6244c9d4723
imagenet1k_vae_gate3_checkpoints.tar.gz,imagenet1k_vae_gate3_proxy_hard_budget30_seed4_best.pth,46838374,7ee9779875361df115afc767518ce1c578a6485ea3f88433ce35a5b3277cd35a
imagenet1k_vae_gate3_checkpoints.tar.gz,imagenet1k_vae_gate3_proxy_hard_budget30_seed4_final.pth,46838500,9206dab6dc125f22a6a44d21f353ba339d8f6d10c8f1b17e4ed3f30d86385e6c
imagenet1k_vae_gate3_checkpoints.tar.gz,imagenet1k_vae_gate3_random_budget30_seed0_best.pth,46837870,bb5ebe9e1100fa9fcd7b4f01c6773aa1ca1a4f605716ab8d2a4df06d2705b83d
imagenet1k_vae_gate3_checkpoints.tar.gz,imagenet1k_vae_gate3_random_budget30_seed0_final.pth,46837996,a1ecf575fe14f47ab38cc1a4086ee805714be983b68c556c941ddfd678f00bb8
imagenet1k_vae_gate3_checkpoints.tar.gz,imagenet1k_vae_gate3_random_budget30_seed1_best.pth,46837870,5c41418b2584ffbb4d249365d84afd530d374c09baf67fd5c2772b37ff828870
imagenet1k_vae_gate3_checkpoints.tar.gz,imagenet1k_vae_gate3_random_budget30_seed1_final.pth,46837996,c9f5b46192072f707a09b01071a584a8c3a1eb17ad28df29f3697f0a9a3b8db8
imagenet1k_vae_gate3_checkpoints.tar.gz,imagenet1k_vae_gate3_random_budget30_seed2_best.pth,46837870,c767b560867e287b3633704864bd7cc6a5d7ac0edd0440367c53386ffb2cb66d
imagenet1k_vae_gate3_checkpoints.tar.gz,imagenet1k_vae_gate3_random_budget30_seed2_final.pth,46837996,5891a6f5209cbc0376409fa5573e04026e33729afdca16a595a59fe17a83efa0
imagenet1k_vae_gate3_checkpoints.tar.gz,imagenet1k_vae_gate3_random_budget30_seed3_best.pth,46837870,484a6e26c584b2a1e75a21bcbfa3d36e3628f04a58fecc368c0c02b1066aabcc
imagenet1k_vae_gate3_checkpoints.tar.gz,imagenet1k_vae_gate3_random_budget30_seed3_final.pth,46837996,e89933ad70154fe41f46f11a9f49c554c1cc679e16af3d57ddf8d7611e91c7b7
imagenet1k_vae_gate3_checkpoints.tar.gz,imagenet1k_vae_gate3_random_budget30_seed4_best.pth,46837870,51dd372b83122a6ce1052d3a0c9f002b10cf2ed25cdf928cb062778cfa0b856f
imagenet1k_vae_gate3_checkpoints.tar.gz,imagenet1k_vae_gate3_random_budget30_seed4_final.pth,46837996,bbc88243414af8f9cbbf32ed60e08c45bbf1a2b95829eadde323e00a8e7c0612
imagenet1k_vae_gate3_checkpoints.tar.gz,MANIFEST.csv,7715,4f5f99b351e75ef9a4ab19641bad759e9770b41eacd204cac3efa47be025d719
imagenet1k_vae_gate3_checkpoints.tar.gz,README.txt,1072,162a2e6024533e52c64c583f00a2f8d6638896a5a914032ef46332c142a323ff
