archive_name,experiment_group,checkpoint_count,size_bytes,sha256,source_manifest,status,notes
cifar100_alpha_mix_checkpoints.tar.gz,cifar100_alpha_mix,45,1895133311,ed7ee48092f2c8d069125fe79fab4258b9e730fa9f32aa3c6d2d4ca9dabb7714,checkpoints/VERIFIED_RELEASE_CANDIDATES.csv,TECHNICALLY_VERIFIED; HUMAN_RELEASE_APPROVED=TRUE; GITHUB_RELEASE_ASSET,Archive extracted; member hashes matched; no cross-archive duplicates; under 2 GiB
cifar100_balanced_controls_checkpoints.tar.gz,cifar100_balanced_controls,30,1261535172,9c46c81d572ecdc1aa29a4105c56a8a1208ed9ed36d7a43e1a1c846152ed28ac,checkpoints/VERIFIED_RELEASE_CANDIDATES.csv,TECHNICALLY_VERIFIED; HUMAN_RELEASE_APPROVED=TRUE; GITHUB_RELEASE_ASSET,Archive extracted; member hashes matched; no cross-archive duplicates; under 2 GiB
cifar100_main_selection_budget10_checkpoints.tar.gz,cifar100_main_gate3,30,1260099003,cd29c8e587a1b094a05bf98d90b30b0d542702318dea872a1b0f3d3c8b54d102,checkpoints/VERIFIED_RELEASE_CANDIDATES.csv,TECHNICALLY_VERIFIED; HUMAN_RELEASE_APPROVED=TRUE; GITHUB_RELEASE_ASSET,Archive extracted; member hashes matched; no cross-archive duplicates; under 2 GiB
cifar100_main_selection_budget30_checkpoints.tar.gz,cifar100_main_gate3,30,1262816339,8422e53c252a3ad885c65f03452d8fe7f07e9e093e7d9a2ab427637ad63b0143,checkpoints/VERIFIED_RELEASE_CANDIDATES.csv,TECHNICALLY_VERIFIED; HUMAN_RELEASE_APPROVED=TRUE; GITHUB_RELEASE_ASSET,Archive extracted; member hashes matched; no cross-archive duplicates; under 2 GiB
cifar100_main_selection_budget50_checkpoints.tar.gz,cifar100_main_gate3,30,1264194037,87657f27bcb5c5ba4530ac2ea15440a68ec978feeb6b2dd0d1fdb32af6f53692,checkpoints/VERIFIED_RELEASE_CANDIDATES.csv,TECHNICALLY_VERIFIED; HUMAN_RELEASE_APPROVED=TRUE; GITHUB_RELEASE_ASSET,Archive extracted; member hashes matched; no cross-archive duplicates; under 2 GiB
cifar100_main_selection_budget70_checkpoints.tar.gz,cifar100_main_gate3,30,1266588476,176f0ff22ac95b8aebae39725454452589ad63af8758ffbaf8d9c5a1538887b2,checkpoints/VERIFIED_RELEASE_CANDIDATES.csv,TECHNICALLY_VERIFIED; HUMAN_RELEASE_APPROVED=TRUE; GITHUB_RELEASE_ASSET,Archive extracted; member hashes matched; no cross-archive duplicates; under 2 GiB
convae_checkpoint.tar.gz,dataset_specific_ae,1,1516138,6fc23f0000da5a0e98254da1fec3278a82e453be6ac628cba2f43d94850c02b5,checkpoints/VERIFIED_RELEASE_CANDIDATES.csv,TECHNICALLY_VERIFIED; HUMAN_RELEASE_APPROVED=TRUE; GITHUB_RELEASE_ASSET,Archive extracted; member hashes matched; no cross-archive duplicates; under 2 GiB
ddpm_ordering_checkpoints.tar.gz,ddpm_ordering,18,759299569,aff18f893e5d3f374e735677565df0a44924ccac43dd3852b9a4efe0b1364c4e,checkpoints/VERIFIED_RELEASE_CANDIDATES.csv,TECHNICALLY_VERIFIED; HUMAN_RELEASE_APPROVED=TRUE; GITHUB_RELEASE_ASSET,Archive extracted; member hashes matched; no cross-archive duplicates; under 2 GiB
imagenet1k_vae_gate3_checkpoints.tar.gz,imagenet1k_vae_gate3,20,869307270,24618eae1868e39de2102c9802e444f952dc5e0fc1160fd4396bd01032d74181,checkpoints/VERIFIED_RELEASE_CANDIDATES.csv,TECHNICALLY_VERIFIED; HUMAN_RELEASE_APPROVED=TRUE; GITHUB_RELEASE_ASSET,Archive extracted; member hashes matched; no cross-archive duplicates; under 2 GiB
